{
	"tModLoader": {
		// Main Menu
		"PatreonSupport": "Zeig uns deine Unterstüzung: ",
		"MenuModBrowser": "Mod Suche",
		"MenuMods": "Mods",
		"MenuModSources": "Mod Quelle",
		"MenuEnableDeveloperMode": "Aktiviere Entwickler Modus",
		// "FirstLaunchWelcomeMessage": "Welcome to tModLoader.\n\nYou have successfully installed tModLoader. Use the Mod Browser menu to find mods you wish to download. Use the Mods menu to change which mods are currently active. After changing mods, make sure you click the Reload Mods button to reload them.",
		// "tModLoaderSettings": "tModLoader Settings",

		// Mods Menu
		"ModsModsList": "Mod Liste",
		"ModsEnableAll": "Aktiviere alle",
		"ModsDisableAll": "Deaktiviere alle",
		"ModsReloadMods": "Mods neu laden",
		"ModsOpenModsFolder": "Mod Ordner öffnen",
		"ModsModPacks": "Mod Pakete",
		"ModsDisable": "Deaktivieren",
		"ModsEnable": "Aktivieren",
		// "ModsOpenConfig": "Click to open config",
		"ModOldWarning": "Mod veraltet. Benutzung auf eigene Gefahr!",
		"ModDependencyClickTooltip": "Diese Mod benötigt: {0}\n (Klicken zum aktivieren)",
		// "ModDependencyClickTooltipMore": "This mod depends on: {0}\n...and {1} more mods\n (click to enable)",
		"ModDependencyModsNotFound": "Folgende Mods konnten nicht gefunden werden: {0}",
		// "ModDidNotFullyUnloadWarning": "This mod did not fully unload during last unload.\n(This is a message for the mod creator)",
		"BetaModCantPublish": "Diese Mod wurde in einer Beta-Version erstellt und kann nicht veröffentlicht werden.",
		"BetaModCantPublishError": "Du kannst keine in der Beta-Version von tModLoader erstellten Mod veröffentlichen",
		"OutdatedModCantPublishError": "Du kannst keine Mod die in einer alten tModLoader Version erstellt wurde veröffentlichen",
		"ModReloadRequired": "Neuladen erforderlich",
		"ModReloadForced": "Neuladen erzwingen",
		// "ModIsServerSide": "This is a server side mod",
		"ModsByline": "Mod von: {0}",
		"ModsMoreInfo": "Mehr info",
		"ModsOriginatedFromModBrowser": "Dieser Mod ist aus der Mod Suche",
		"ModsTypeToSearch": "Schreibe zum suchen",
		"ModsSearchByModName": "Suche nach Mod Namen",
		"ModsSearchByAuthor": "Suche nach Autor Namen",
		"ModsSortRecently": "Sortieren nach kürzlich geändert",
		"ModsSortNamesAlph": "Alphabetisch sortieren",
		"ModsSortNamesReverseAlph": "Umgekehrt alphabetisch sortieren",
		"ModsShowAllMods": "Zeige alle mods",
		"ModsShowEnabledMods": "Zeige nur aktivierte mods",
		"ModsShowDisabledMods": "Zeige nur deaktivierte mods",
		"ModsXItems": "{0} Gegenstände",
		"ModsXNPCs": "{0} NPCs",
		"ModsXTiles": "{0} Blöcke",
		"ModsXWalls": "{0} Wände",
		"ModsXBuffs": "{0} Buffs",
		"ModsXMounts": "{0} Reittiere",
		// "ModsReloadAndReturn": "Reload and return to world menu",
		// "ModsNotFoundServer": "No mods were found in: \"{0}\"\nIf you are running a dedicated server, you may wish to use the 'modpath' command line switch or server config setting to specify a custom mods directory.\n",
		// "AskForModIndex": "Type a number to switch between enabled/disabled",
		// "AskForCommand": "Type a command: ",

		// Mod Errors
		"LoadError": "Beim laden ist etwas schiefgelaufen {0}",
		"LoadErrorDisabled": "Der/Die Mod/s wurden automatisch deaktiviert.",
		"LoadErrorCulpritUnknown": "Der verantwortliche Mod ist unbekannt. tModLoader muss neug estartet werden.",
		"LoadErrorVersionMessage": "Diese Mod wurde für tModLoader v{0} erstellt.\n Du benutzt jedoch {1}",
		"LoadErrorDotNet45Required": ".NET Framework 4.5 wird benötigt um Mods zu benutzen.Bitte lade die neuste Version von.NET Framework herunter",
		"LoadErrorDependencyMissing": "Fehlende Mod: {0} Wird benötigt von: {1}",
		"LoadErrorErrorReadingModFile": "Fehler beim Lesen der Mod-Datei {0}",
		"LoadErrorHashMismatchCorrupted": "Hash unpassend, data blob wurde verändert.",
		"LoadErrorDependencyVersionTooLow": "{0} benötig Version {1} von {2}, aber Version {3} ist installiert",
		"LoadErrorMajorVersionMismatch": "{0} zielt auf {2} Version {1}, aber Sie haben eine neuere Hauptversion ({3}), die möglicherweise nicht kompatibel ist. {0} muss aktualisiert werden",
		"LoadWarningBannerOrBannerItemNotSet": "{0}: {1}. Du hast ModNPC.banner oder ModNPC.banneritem definiert, aber nicht beide. Stelle sicher dass Du beide definierst, überprüfe deine Rechtschreibung ,dass der Gegenstand existiert. Wenn Du mod.ItemType() benutzt, melde das den {0} Entwicklern.",
		"UnloadError": "Ein oder mehrere Fehler sind beim laden aufgetreten und tModLoader muss neu gestartet werden, um weitere Fehler zu verhindern.",
		"DefensiveUnload": "{0} konnte nicht korrekt entladen werden. Modder müssen eine defensive Programmierung verwenden, um sicherzustellen, dass der Entladevorgang unabhängig von Fehlern beim Laden abgeschlossen wird.",
		"BuildError": "Beim Erstellen ist ein Fehler aufgetreten {0}",
		"CompileError": "Compiling {0} scheiterte mit {1} Fehlern und {2} Warnungen",
		"BuildErrorModNameEmpty": "Mods brauchen einen Namen.",
		"BuildErrorModNamedTerraria": "Dein Mod kann nicht Terraria heißen. Das gibt es schon!",
		"BuildErrorModNameHasPeriod": "Ein interner Modname kann keine Sonderzeichen enthalten!",
		"BuildErrorTwoModsSameName": " Zwei Mods haben den gleichen internen Namen {0}",
		"BuildErrorModReference": "Mod Referenz konnte nicht gelesen werden. {0}",
		"BuildErrorMissingNoCompile": "Fehlende DLL-Dateien für noCompile: {0} oder {1}\n\nAll.dll darf keine Verweise auf Microsoft.Xna.Framework enthalten, oder FNA\nXNA.dll muss auf die entsprechende tModLoader.exe und das entsprechende Framework verweisen",
		"BuildErrorModNameDoesntMatchAssemblyName": "Mod name {0} does not match assembly name {1}",
		"BuildErrorNamespaceFolderDontMatch": "NAmespace und Ordnername isnd nicht gleich. Das oberste Namespace muss mit dem Ordnernamen übereinstimmen.",
		"BuildErrorNoModClass": "Stelle sicher dass Du eine Mod erweiternde Klasse hast.",
		"BuildErrorLoadingPrecompiled": "Fehler beim Laden der vorkompilierten Datei: {0}",
		"BuildErrorFailedLoadBuildTxt": "Konnte nicht geladen werden {0}",
		"BuildWarningEACWindowsOnly": "Editieren und Fortfahren wird nur in Windows unterstützt.",
		"LoadErrorTextureFailedToLoad": "Die Textur bei {0}, konnte nicht geladen werden",
		"LoadErrorWavSoundFailedToLoad": "Die wav-Sounddatei {0}, konnte nicht geladen werden",
		"LoadErrorMP3SoundFailedToLoad": "Die mp3-Sounddatei {0}, konnte nicht geladen werden",
		"LoadErrorSoundFailedToLoadAudioDeviceHint": "(Sorge dafür, dass dein Computer Lautsprecher hat und diese auch aktiviert!)",
		"LoadErrorFontFailedToLoad": "Die font-Datei {0}, konnte nicht geladen werden",
		"LoadErrorEffectFailedToLoad": "Die effect-Datei {0}, konnte nicht geladen werden",
		"LoadErrorUnknownXNBFileHint": "Unbekannte xnb-Datei {0}. Vielleicht sollte es eine Fonts/ oder Effects/ Datei sein?",
		"LoadErrorCannotLoadCompressedEffects": "Kann compressed Effekte nicht laden.",
		"LoadErrorAddItemOnlyInLoad": "AddItem kann nur von Mod.Load oder Mod.Autoload gerufen werden",
		"LoadError2ModItemSameName": "Du hast versuch zwei Moditems mit demselben Namen hinzuzufügen: {0}. Vielleicht haben zwei Klassen in unterschiedlichen Namespaces die gleichen Namen während dem Autoloadingoder Du hast AddItem mit zwei Items die den gleichen Namen haben benutzt.",
		"LoadErrorResourceNotFoundPathHint": "Expected resource not found:\n    {0}\nClosest guess: (Is there a spelling or folder placement error?)\n    {1}",
		"RuntimeErrorSilentlyCaughtException": "Ausnahme gefunden: ",
		"RuntimeErrorSeeLogsForFullTrace": "(siehe {0} für weitere Informationen)",
		"OpenLogs": "Öffne Log",
		"OpenWebHelp": "Öffne Webhilfe",
		"SkipToMainMenu": "Überspringe Mod laden",
		"Retry": "Erneut versuchen",
		"Exit": "Verlassen",
		"ExitAndDisableAll": "Verlassen und alle deaktivieren.",

		// Mod Info
		"ModInfoHeader": "Mod Info: ",
		"ModInfoVisitHomepage": "Besuche die Homepage für mehr Infos:",
		"ModInfoExtract": "Extrahieren",
		"ModInfoNoDescriptionAvailable": "Keine Beschreibung verfügbar",
		"ModInfoProblemTryAgain": "Es gab ein Problem, versuch es nochmal",
		// "ModInfoDisableModToDelete": "Disable Mod to Delete",

		// Mod Packs
		"ModPacksHeader": "Mod Pakete",
		"ModPacksSaveEnabledAsNewPack": "Speichere Aktivierte als neues Modpaket",
		"ModPacksEnterModPackName": "Gib einen Name für das Modpaket ein:",
		"ModPackViewList": "Mod Liste",
		"ModPackEnableThisList": "AKtiviere diese Liste",
		"ModPackEnableOnlyThisList": "Aktiviere nur diese Liste",
		"ModPackUpdateListWithEnabled": "Tausche Liste mit momentan Aktiven",
		"ModPackViewModsInModBrowser": "Zeige Mods in der Mod Suche",
		"ModPackModsAvailableStatus": "{0} insgesamt, {1} Aktiviert, {2} Deaktiviert, {3} Fehlend",
		"ModPackModsMissing": "Folgende Mods konnten nicht gefunden werden.:\n{0}",
		"ModPackModsContained": "Diese Liste beinhaltet folgende Mods: \n{0}",
		"ModPackMissing": " - Fehlend",
		"ModPackDisabled": " - Deaktiviert",
		"ModPackLoadingSpecifiedModPack": "Lade Modpaket: {0}",
		"ModPackDoesNotExist": "Modpaket {0} gibt es nicht.",
		"ModPackMalformed": "Das {0} Modpaket konnte nicht geladen werden, es könnte beschädigt sein.",

		// ModNet/Multiplayer
		"MPSyncingMods": "Synchronisiere Mods",
		"MPServerModsCantDownload": "Folgende Mods sind auf dem Server installiert, können aber nicht heruntergeladen werden:",
		"MPServerModsCantDownloadReasonSigned": "Du akzeptierst nur Mods aus der Mod Suche",
		"MPServerModsCantDownloadReasonAutomaticDownloadDisabled": "Du hast das automatische herunterladen von Mods deaktiviert.",
		"MPServerModsCantDownloadChangeSettingsHint": "Du musst deine Mods ändern oder den Serverbesitzer bitten sie dir zu schicken.",
		// "MPShowServerConsoleYes": "Show Server Console: On",
		// "MPShowServerConsoleNo": "Show Server Console: Off",
		"MPErrorModHashMismatch": "Hash unpassend",
		"MPErrorModNotSigned": "Mod wurde nicht von der Mod suche signiert",
		"MPErrorModDownloadError": "Beim herunterladen ist ein Fehler aufgetreten {0}",
		"MPPacketTooLarge": "Paket zu groß {0} > {1}",

		// Mod Browser
		"MBDownload": "Herunterladen",
		"MBDownloadAll": "Alle herunterladen",
		"MBDownloadingMod": "Herunterladen: {0}",
		"MBInstallingMod": "Installiere: {0}",
		"MBDownloadFileProblem": "Fehler beim Behandeln von {0}",
		"MBReleaseFileHandle": "Dateihandle für {0} freigeben",
		"MBDownloadFinished": "Downloads fertig gestellt. Kehre zum Mod Browser zurück",
		"MBUploadingMod": "Hochladen: {0}",
		"MBDowngrade": "Zurücksetzen",
		"MBUpdate": "Aktualisieren",
		// "MBRequiresTMLUpdate": "Requires {0}",
		// "MBClickToUpdate": "Click to update",
		"MBDowngradeWithDependencies": "Mit Abhängigkeiten (dependencies) downgraden",
		"MBUpdateWithDependencies": "Mit Abhängigkeiten (dependencies) aktualisieren",
		"MBDownloadWithDependencies": "Mit Abhängigkeiten (dependencies) herunterladen",
		"MBUpdateAll": "Alle updaten",
		"MBReloadBrowser": "Mod suche neu laden",
		"MBGettingData": "Sammle Daten...",
		"MBPopulatingBrowser": "Aktivieren Mod Suche...",
		"MBSortByRecentlyUpdated": "Sortieren nach kürzlich Aktualisiert",
		"MBSortByPopularity": "Sortieren nach Beliebtheit",
		"MBSortDownloadDesc": "Suche nach heruntergeladen absteigend",
		"MBSortDownloadAsc": "Suche nach heruntergeladen aufsteigend",
		"MBShowAllMods": "Zeige alle Mods",
		"MBShowNotInstalledUpdates": "Zeige mods nicht installiert sind und aktualisierungen haben",
		"MBShowUpdates": "Zeige nur aktualisierungen",
		// "MBShowInstalled": "Show installed mods",
		"MBShowMSAll": "Zeige alle Mods",
		"MBShowMSBoth": "Zeige normale Seite Mods",
		"MBShowMSClient": "Zeige Klient-Seite Mods",
		"MBShowMSServer": "Zeige Serverseite-Mods",
		"MBShowMSNoSync": "Zeige Mods die keine synchronisaton benötigen",
		"MBClearSpecialFilter": "Filter bereinigen: {0}",
		"MBOfflineWithReason": "OFFLINE ({0})",
		"MBBusy": "Beschäftigt",
		"MBUnknown": "Unbekannt",
		"MBOfflineTroubleshooting": "Es konnte keine Verbind zu der Modsuche hergestellt werden. Das könnte viele Gründe haben .\n 1. Überprüfe deine Internet VerbinDung.\n 2. Die Mod Suche könnte offline sein. Wenn sie vorhin noch funktioniert hat, warte einfach ein paar Stunden.\n 3.Öffne die Website der Modsuche mit einem Doppelklick auf diese Nachricht. Du kannst Mods dort manuell herunterladen. Sollte das gehen, schaue ob deine Firewall Terraria.exe blockiert ooder deaktiviere deine VPN falls Du eine benutzt.\n 4. Sollte die Website nicht gehen könnte der Modbrowser von deiner Regierung, deinem INternetanbieter, Router, oder Webfilter blockiert sein. Solle das der Fall sein musst Du das alleine herausfinden.",
		"MBClickToViewDependencyMods": "Klicke um abhängige Mods zu sehen:\n{0}",
		"MBModsNotFoundOnline": "Folgende Mods wurden nicht in der Mod Suche gefunden: {0}",
		"MBFilterDependencies": "Benötigt",
		"MBFilterModlist": "Modlist",
		"MBExceededBandwidth": "Die Mod Suche hat ihre tägliche Bandbreite überschritten.Bitte suche die Homepage dieses Mods auf für eine alternative Download Möglichkeit oder ´versuche es später noch einmal.",
		"MBUnknownMBError": "Unknown Mod Browser Error. Try again later.",
		"MBNoModsFound": "Keine Mods gefunden",
		"MBBrowserError": "Bei der Modsuche ist ein Fehler aufgetreten.",
		"1SecondAgo": "vor einer Sekunde",
		"XSecondsAgo": " vor{0} Sekunden ",
		"1MinuteAgo": "vor einer Minute",
		"XMinutesAgo": " vor {0} Minuten",
		"1HourAgo": "vor einer Stunde",
		"XHoursAgo": " vor {0} Stunden",
		"1DayAgo": "Vor einem Tag",
		"XDaysAgo": " vor {0} Tagen",
		"1MonthAgo": "vor einem Monat",
		"XMonthsAgo": " vor {0} Monaten",
		"1YearAgo": "vor einem Jahr",
		"XYearsAgo": "vor {0} Jahren",
		// "MBServerReturnToMenu": "Return to world menu",
		// "MBServerAskForModName": "Type an exact ModName to download: ",
		// "MBServerDownloadError": "Error: Could not download {0} -- {1}",

		// Mod Publishing
		"MBPublishEnterPassphrase": "Bitte gib deinen Passcode ein",
		"MBPublishVisitWebsiteForPassphrase": "Besuche die Website um einen Passcode zu generieren",
		"MBPublishPastePassphrase": "Kopiere Passcode (ctrl-v)",
		"MBMyPublishedMods": "Meine veröfentlichten Mods",
		"MBUnpublish": "Veröffntlichung zurückziehen",
		"MBMyPublishedModsStats": "{0} downloads ({1} neuste Version)",
		"EnterSteamID": "Bitte gib deine SteamID ein ",
		"PasteSteamID": "Kopiere SteamID (ctrl-v)",
		"MBServerResponse": "Der Modsuchen Server antwortet:\n\n{0}",

		// TML Options
		"DownloadFromServersYes": "Lade mods vom Server herunter: An",
		"DownloadFromServersNo": "Lade mods vom Server herunter: Aus",
		"DownloadSignedYes": "Lade nur signierte mods von den Servern: An",
		"DownloadSignedNo": "Lade nur signierte mods von den Servern: Aus",
		"MusicStreamModeConvert": "Musik übertragungs MoDus: Umwandeln bei Nachfrage",
		"MusicStreamModeStream": "Musik übertragungs MoDus: Vom Zwischenspeicher übertragen",
		"AlwaysLogExceptionsYes": "Ausnahme immer aufzeichnen: An",
		"AlwaysLogExceptionsNo": "Ausnahme immer aufzeichnen: Aus",
		"ExperimentalFeaturesYes": "Experimentelle Funktionen: An",
		"ExperimentalFeaturesNo": "Experimentelle Funktionen: Aus",
		"RemoveForcedMinimumZoomYes": "Lösche erzwungenes Maximum Zoom: On",
		"RemoveForcedMinimumZoomNo": "Lösche erzwungenes Zoom Maximum: Off",
		"AllowGreaterResolutionsYes": "Erlaube höhere Resolutionen: On",
		"AllowGreaterResolutionsNo": "Erlaube größere Resolutionen: Off",
		"ShowMemoryEstimatesYes": "Zeige Mod-Speicher Schätzungen: On",
		"ShowMemoryEstimatesNo": "Zeige Mod-Speicher Schätzungen: Off",
		"ClearMBCredentials": "Leere Mod Suche Anmeldedaten",
		"AutomaticallyEnableNewlyDownloadedModsYes": "Neu heruntergeladene Mods automatisch aktivieren: On",
		"AutomaticallyEnableNewlyDownloadedModsNo": "Neu heruntergeladene Mods automatisch aktivieren: Off",
		"AutomaticallyReloadAndEnableModsLeavingModBrowserYes": "Mods automatisch aktivieren und neu laden, wenn der Mod Browser verlassen wird: On",
		"AutomaticallyReloadAndEnableModsLeavingModBrowserNo": "Mods automatisch aktivieren und neu laden, wenn der Mod Browser verlassen wird: Off",
		"ReloadModsReminder": "Du hast einen Mod geupdatet. Vergiss nicht sie neu zu laden damit die Änderungen wirksam werden!.",
		"EnableModsReminder": "Deine neu heruntergeladenen Mods sind im moment deaktiviert, vergiss nicht sie zu Aktivieren wenn Du sie benutzen willst!",
		"DontShowAgain": "Nie wieder zeigen",
		"ModControls": "Mod Steuerung",

		// Player and World Select
		"MigratePlayersMessage": "Du hast keine Charaktere.\nWenn Du deine Vanilla Charaktere im tModLoader benutzen willst,\nkopiere sie von /Terraria/Players in /Terraria/ModLoader/Players.\n kopiere die .plr-Datei und den gleichnamigen Ordner.\n<Ordner öffnen>.\nBist Du fertig drücke 'zurück'.",
		"MigratePlayersText": "Hier klicken um Spieler Dateien zu migrieren",
		"MigratePlayersException": "Ein Fehler ist beim migrieren der Spieler Dateien ist aufgetreten",
		"MigrateWorldsMessage": "Du hast keine Welten.\nWenn Du deine Vanilla Welten im tModLoader benutzen möchtest,\nkannst Du auf übernehmen klicken um sie automatisch zu übernehmen.\nAlternativ, kannst Du sie von \n /Terraria/Worlds\nin\n/Terraria/ModLoader/Worlds manuell kopieren.\nKopiere dafür die .wld-Datei.\n<Ordner Öffnen>.\nNach dem kopieren der Welten klicke auf 'zurück'.",
		"MigrateWorldsText": "KLicke hier um die Welten zu übernehmen...",
		"MigratingWorldsText": "Übernehme Welten",
		"ModsDifferentSinceLastPlay": "Diese Mods sind anders seid Du das letzte mal gespielt hast:: ",
		"Missing1Mod": " Eine Mod fehlt.",
		"MissingXMods": "Es fehlen {0} Mods.",
		"MissingModsListing": "Fehlende Mods:\n{0}",
		"New1Mod": "Eine neue Mod.",
		"NewXMods": "{0} neue Mods.",
		"NewModsListing": "Neue Mods::\n{0}",
		"PlayerCustomDataFail": "Ein Problem beim laden der benutzerdefinierten Daten eines Charakters ist aufgetreten",
		"PlayerLoadWorldFail": "Ein problem ist beim Laden einer Welt aufgetreten",
		// "CloudWarning": "Cloud storage limit reached, unable to move to cloud",

		// Mod Sources
		"MSBuild": "Erstellen",
		"MSBuildReload": "Erstellen + Neu laden",
		"MSBuildAll": "Alle Erstellen",
		"MSBuildReloadAll": "Alle Erstellen + Neu laden",
		// "MSUpgradeCSProj": "Upgrade .csproj file",
		"MSOpenSources": "Offene Quelle",
		"MSManagePublished": "Verwalte veröffentlichung",
		"MSPublish": "Veröffentlichen",
		"MSModSourcesCantHaveSpaces": "(Mod Quellen ordner können keine Leerzeichen haben!)",
		"MSCreateMod": "Erstelle Mod",

		// Developer Mode UI
		"DMModCompileMissing": "Ein extra Ordner ist für Mods benötigt. (Fehlender ModCompile Ordner)",
		"DMModCompileUpdate": "ModCompile ordner ist nicht auf dem neusten Stand.",
		"DMModCompileDev": "Benutze das tModLoader development setup tool und generiere/update den ModCompile Ordner(SetupDebugging).",
		"DMModCompileSatisfied": "ModCompile Ordner ist zu neu.",
		"DMDotNetSatisfied": "{0} ist installiert",
		"DMDotNetUpdateRequired": ".NET Framework {0} oder neuer wird benötigt, um Mods erstellen zu können. Bitte lade die aktuelle .NET Framework Version herunter.",
		"DMMonoUpdateRequired": "Mono {0} oder neuer wird benötigt, um Mods erstellen zu können. Bitte lade die aktuelle Mono Version herunter.",
		"DMMonoRuntimeRequired": "Terraria muss mit Mono {0} oder neuer gestartet werden, um Mods erstellen zu können. Bitte aktualisiere deine Start Skripte.",
		"DMReferenceAssembliesMissing": ".NET 4.5 Reference Assemblies nicht gefunden. Bitte installiere Visual Studio mit dem .NET 4.5 Targetting pack.",
		"DMReferenceAssembliesMissingMono": ".NET 4.5 Reference Assemblies nicht gefunden. Bitte stelle sicher, dass deine Installation mono {0} enthält",
		"DMReferenceAssembliesSatisfied": "Fertig zum compile targetting .NET 4.5",
		"DMReferenceAssembliesDownload": "Clicke um nur das targetting pack herunterzuladen (nicht empfohlen!!)",
		"DMVisualStudio": "Visual Studio",
		"DMTutorialWelcome": ". Auf der Wiki gibt es weiter Infos und Tutorials!.",
		"DMTutorial": "Tutorial",
		"DMUpdateScripts": "Aktualisiere Skripte",
		"DMScriptsRequireRestart": "Start Skripte wurden aktualisiert. tModLoader muss neu gestartet werden.",
		// "DMUpdateMonoToDownloadModCompile": "Extra libraries can be downloaded from github when running on an up-to-date version of Mono.",

		// Extract Mod
		"ExtractErrorWhileExtractingMod": "Ein Fehler ist beim extrahieren aufgetreten {0}",
		"ExtractHideCodeMessage": " Der Modder hat ausgewählt, dass der Code vom tModReader nicht gelesen werden kann.",
		"ExtractNoSourceCodeMessage": "Der Modder hat seinen Quellcode nicht veröffentlicht.",
		"ExtractHideResourcesMessage": "Der Modder hat ausgewählt,dass z.B. Bilder nicht vom TModReader eingelesen werden können.",
		"ExtractFileListing": "Dateien:",

		// Mod Commands
		"CommandModListDescription": "Zeig eine Liste der geladenen Mods.",
		"CommandModListServerMods": "Server Mods:",
		"CommandModListSyncedMods": "Synchronisierte Mods:",
		"CommandModListClientMods": "Client Mods:",
		"CommandModListModlist": "Mod Liste:",

		// Mod Building
		"Building": "Erstellt: {0}",
		"ReadingProperties": "Lese Eigentschaften: {0}",
		"Compiling": "Kompiliere {0}",
		"CompilationResult": "Kompilieren mit {0} Fehlern und {1} Warnungen beendet",
		"LoadingPrecompiled": "Laden von vorkompiliertem {0} aus {1}",
		"EnabledEAC": "Pfad bearbeiten und fortsetzen: {0}",
		"Packaging": "Packen: {0}",
		// There should be ModName after ':'
		"MSFinding": "Suche mods... ",
		"MSInstantiating": "Erschaffe  Mods...",
		"MSSandboxing": "Sandboxing: {0}",
		"MSIntializing": "Initialisiere: {0}",
		"MSLoading": "Lade Mod: {0}",
		// "MSUnloading": "Unloading: {0}",
		"MSFinishingResourceLoading": "STelle Ressourcen Ladevorgang fertig",
		"MSSettingUp": "Erstelle...",
		"MSAddingRecipes": "Füge Rezepte hinzu...",
		"AddingModContent": "Füge Mod Content hinzu...",

		// Mod Loader Mod
		"StartBagTooltip": "Ein paar starter Items haben nicht in dein Inventar gepasst",
		"StartBagItemName": "Starter Paket",
		"UnloadedItemItemName": "Ungeladenes Item",
		"UnloadedItemModTooltip": "Mod: {0}",
		"UnloadedItemItemNameTooltip": "Item: {0}",
		"AprilFoolsJoke": "Aprilscherz",
		"DefaultTownNPCName": "Kein Name",
		"DefaultTownNPCChat": "Mein Modder hat vergessen mir einen Dialog zu geben.",
		"DefaultNurseCantHealChat": "Ich weiß nicht warum, aber ich kann dich nicht Heilen. Anscheinend hat der Modder vergessen, mir einen Dialog zu geben.",

		// Extra mouse buttons
		"MouseMiddle": "Mittlere Maus",
		"MouseXButton1": "Maus 4",
		"MouseXButton2": "Maus 5",

		// Misc
		"OK": "OK",
		"Continue": "Fortfahren",
		"PatreonSetTooltip": "Danke für deine Unterstüzung!",
		"WorldGenError": "Ein Problem ist beim Erstellen der Welt aufgetreten",
		"WorldIODataException": "Das Spiel hat ein Mod-Datei Problem bei dieser Welt festgestellt.",
		"ServerCrash": "Server crash: {0}\n{1}\n\nBitte checke server.log um festzustellen ob eine Mod daran schuld ist, ansonsten gehe in den #support Kanal im tModLoader Discord!"

		// MessageBox
		// "ContentFolderNotFound": "Terraria Content folder not found. If you installed tModLoader through Steam, make sure that Terraria is installed. If not, make sure to install tModLoader in a folder nested within the Terraria install directory or a folder next to the Terraria install directory.",
		// "MissingServerExecutable": "Looks like you didn't do a complete install. You are missing tModLoaderServer.exe. Check your install directory and read the install directions.",
		// "GraphicsEngineFailure": "Graphics Engine Failure",
		// "GraphicsEngineReportUnknown": "Unknown",
		// "GraphicsEngineReportFailure": "Failure",
		// "GraphicsEngineFailureMessage": "tML encountered a crash when testing some experimental graphics features. If this issue persists consistently, you may have to edit config.json and set the Support4K setting to false. \nPlease restart your game.\nReport Status: {0}",
		// "OutOfMemory": "Game ran out of memory. You'll have to find which mod is consuming lots of memory, and contact the devs or remove it.",
		// "ContentFolderNotFoundInstallCheck": "{0} directory could not be found.\r\n\r\nDid you forget to extract tModLoader's Content directory into the tModLoader folder?\r\n\r\nEnsure tModLoader is installed in a separate folder from Terraria.",
		// "VanillaSteamInstallationNotFound": "Terraria Steam installation or Terraria Content directory not found.\r\n\r\nPlease ensure Terraria 1.4 is installed through Steam.",
		// "SteamAPIHashMismatch": "Steam API hash mismatch, assumed pirated.\n\ntModLoader requires a legitimate Terraria install to work.",
		// "VanillaGOGNotFound": "{0} could not be found.\r\n\r\nGOG installs must have the unmodified Terraria executable to function. This version of tModLoader expects the {1} version of Terraria, you may need to downgrade or upgrade Terraria via GOG Galaxy, or wait for tModLoader to update.",
		// "GOGHashMismatch": "{0} is not the unmodified Terraria executable.\r\n\r\nGOG installs must have the unmodified Terraria executable to function.\r\n\r\nIf you patched the .exe, you can create a copy of the original exe and name it \"Terraria_v<VERSION>.exe\"",
		// "DefaultExtraMessage": "Please restore your Terraria install, then install tModLoader on Steam or by following the README.txt instructions for manual installation.",
		// "ClientLogHint": "{0}\n\nA client.log file containing error information has been generated in\n{1}\n(You will need to share this file if asking for help)",
		// "OutOfMemoryHint": "\n\nTip: Try running less mods at once, or determine if a mod is taking up too much memory. Optionally, install 64-bit tModLoader",
		// "ModExceptionHint": "\n\nTip: This is likely a mod's fault. Disable mods one by one and check if the issue persists",
		// "OneDriveHint": "\n\nTip: Try installing/enabling OneDrive. Right click your Documents folder and enable \"Always save on this device\"",
		// "AntivirusHint": "\n\nTip: If you have an antivirus, try adding Terraria to its whitelist/exclusion list",
		// "TypeInitializationHint": "\n\nTip: Restart the game. If this issue persists, try uninstalling Terraria completely, then reinstalling through Steam, and then reinstalling tModLoader"
	},
	"CommonItemTooltip": {
		"PercentIncreasedDamage": "Um {0}% erhöhter Schaden"
	}
}
