{
	"tModLoader": {
		// Main Menu
		"PatreonSupport": "Please show your support: ",
		"MenuModBrowser": "Mod Browser",
		"MenuMods": "Mods",
		"MenuModSources": "Mod Sources",
		"MenuEnableDeveloperMode": "Enable Developer Mode",
		"FirstLaunchWelcomeMessage": "Welcome to tModLoader.\n\nYou have successfully installed tModLoader. Use the Mod Browser menu to find mods you wish to download. Use the Mods menu to change which mods are currently active. After changing mods, make sure you click the Reload Mods button to reload them.",
		"tModLoaderSettings": "tModLoader Settings",

		// Mods Menu
		"ModsModsList": "Mods List",
		"ModsEnableAll": "Enable All",
		"ModsDisableAll": "Disable All",
		"ModsReloadMods": "Reload Mods",
		"ModsOpenModsFolder": "Open Mods Folder",
		"ModsModPacks": "Mod Packs",
		"ModsDisable": "Click to disable",
		"ModsEnable": "Click to enable",
		"ModsOpenConfig": "Click to open config",
		"ModOldWarning": "Old mod, enable at own risk",
		"ModDependencyClickTooltip": "This mod depends on: {0}\n (click to enable)",
		"ModDependencyClickTooltipMore": "This mod depends on: {0}\n...and {1} more mods\n (click to enable)",
		"ModDependencyModsNotFound": "The following mods were not found: {0}",
		"ModDidNotFullyUnloadWarning": "This mod did not fully unload during last unload.\n(This is a message for the mod creator)",
		"BetaModCantPublish": "This mod was built on beta version and can't be published",
		"BetaModCantPublishError": "You cannot publish a Mod built on a Beta version of tModLoader",
		"OutdatedModCantPublishError": "You cannot publish a Mod built on an old version of tModLoader",
		"ModReloadRequired": "Reload Required",
		"ModReloadForced": "Reload Forced",
		"ModIsServerSide": "This is a server side mod",
		"ModsByline": "By: {0}",
		"ModsMoreInfo": "More info",
		"ModsOriginatedFromModBrowser": "This mod originated from the Mod Browser",
		"ModsTypeToSearch": "Type to search",
		"ModsSearchByModName": "Search by Mod name",
		"ModsSearchByAuthor": "Search by Author name",
		"ModsSortRecently": "Sort by recently changed",
		"ModsSortNamesAlph": "Sort mod names alphabetically",
		"ModsSortNamesReverseAlph": "Sort mod names reverse-alphabetically",
		"ModsShowAllMods": "Show all mods",
		"ModsShowEnabledMods": "Show only enabled mods",
		"ModsShowDisabledMods": "Show only disabled mods",
		"ModsXItems": "{0} items",
		"ModsXNPCs": "{0} NPCs",
		"ModsXTiles": "{0} tiles",
		"ModsXWalls": "{0} walls",
		"ModsXBuffs": "{0} buffs",
		"ModsXMounts": "{0} mounts",
		"ModsReloadAndReturn": "Reload and return to world menu",
		"ModsNotFoundServer": "No mods were found in: \"{0}\"\nIf you are running a dedicated server, you may wish to use the 'modpath' command line switch or server config setting to specify a custom mods directory.\n",
		"AskForModIndex": "Type a number to switch between enabled/disabled",
		"AskForCommand": "Type a command: ",

		// Mod Errors
		"LoadError": "An error occurred while loading {0}",
		"LoadErrorDisabled": "The mod(s) have been automatically disabled.",
		"LoadErrorCulpritUnknown": "The mod responsible is unknown and tModLoader must be restarted.",
		"LoadErrorVersionMessage": "It has been detected that this mod was built for tModLoader v{0}\nHowever, you are using {1}",
		"LoadErrorDotNet45Required": ".NET Framework 4.5 or newer is required to use mods. Please download the latest .NET Framework",
		"LoadErrorDependencyMissing": "Missing mod: {0} required by {1}",
		"LoadErrorErrorReadingModFile": "Error reading mod file {0}",
		"LoadErrorHashMismatchCorrupted": "Hash mismatch, data blob has been modified or corrupted",
		"LoadErrorDependencyVersionTooLow": "{0} requires {2} version {1} or greater but version {3} is installed",
		"LoadErrorMajorVersionMismatch": "{0} targets {2} version {1} but you have a newer major version ({3}) which may not be compatible. {0} must be updated.",
		"LoadWarningBannerOrBannerItemNotSet": "{0}: {1}. You have set ModNPC.banner or ModNPC.bannerItem, but not the other. Make sure you set both, check your spelling, and that the item exists if you are using mod.ItemType(). Report this to the {0} developers.",
		"UnloadError": "One or more errors occured while unloading and tModLoader must be restarted to prevent further issues.",
		"DefensiveUnload": "{0} was unable to unload properly. Modders must use defensive programming to ensure unloading completes regardless of any errors during loading.",
		"BuildError": "An error ocurred while building {0}",
		"CompileError": "Compiling {0} failed with {1} errors and {2} warnings",
		"BuildErrorModNameEmpty": "Mods must actually have stuff in their names",
		"BuildErrorModNamedTerraria": "Mods names cannot be named Terraria",
		"BuildErrorModNameHasPeriod": "A mod's internal name cannot contain a period",
		"BuildErrorTwoModsSameName": "Two mods share the internal name {0}",
		"BuildErrorModReference": "Failed to read mod reference {0}",
		"BuildErrorMissingNoCompile": "Missing dll files for noCompile: {0} or {1}\n\nAll.dll must not have any references to Microsoft.Xna.Framework or FNA\nXNA.dll must reference the appropriate tModLoader.exe and framework",
		"BuildErrorModNameDoesntMatchAssemblyName": "Mod name {0} does not match assembly name {1}",
		"BuildErrorNamespaceFolderDontMatch": "Namespace and Folder name do not match. The top level namespace must match the folder name.",
		"BuildErrorNoModClass": "Make sure you have exactly one class extending Mod.",
		"BuildErrorLoadingPrecompiled": "Failed to load precompiled: {0}",
		"BuildErrorFailedLoadBuildTxt": "Failed to load {0}",
		"BuildWarningEACWindowsOnly": "Edit and continue is only supported on windows.",
		"LoadErrorTextureFailedToLoad": "The texture file at {0} failed to load",
		"LoadErrorWavSoundFailedToLoad": "The wav sound file at {0} failed to load",
		"LoadErrorMP3SoundFailedToLoad": "The mp3 sound file at {0} failed to load",
		"LoadErrorSoundFailedToLoadAudioDeviceHint": "(Try making sure your computer has speakers attached and audio devices enabled)",
		"LoadErrorFontFailedToLoad": "The font file at {0} failed to load",
		"LoadErrorEffectFailedToLoad": "The effect file at {0} failed to load",
		"LoadErrorUnknownXNBFileHint": "Unknown xnb file {0}. Perhaps it should be in Fonts/ or Effects/",
		"LoadErrorCannotLoadCompressedEffects": "Cannot load compressed effects.",
		"LoadErrorAddItemOnlyInLoad": "AddItem can only be called from Mod.Load or Mod.Autoload",
		"LoadError2ModItemSameName": "You tried to add 2 ModItems with the same name: {0}. Maybe 2 classes share a classname but in different namespaces while autoloading or you manually called AddItem with 2 items of the same name.",
		"LoadErrorResourceNotFoundPathHint": "Expected resource not found:\n    {0}\nClosest guess: (Is there a spelling or folder placement error?)\n    {1}",
		"RuntimeErrorSilentlyCaughtException": "Silently Caught Exception: ",
		"RuntimeErrorSeeLogsForFullTrace": "(see {0} for full trace)",
		"OpenLogs": "Open Logs",
		"OpenWebHelp": "Open Web Help",
		"SkipToMainMenu": "Skip Loading Mods",
		"Retry": "Retry",
		"Exit": "Exit",
		"ExitAndDisableAll": "Exit and Disable All",

		// Mod Info
		"ModInfoHeader": "Mod Info: ",
		"ModInfoVisitHomepage": "Visit the Mod's Homepage for even more info",
		"ModInfoExtract": "Extract",
		"ModInfoNoDescriptionAvailable": "No description available",
		"ModInfoProblemTryAgain": "There was a problem, try again",
		"ModInfoDisableModToDelete": "Disable Mod to Delete",

		// Mod Packs
		"ModPacksHeader": "Mod Packs",
		"ModPacksSaveEnabledAsNewPack": "Save Enabled as New Mod Pack",
		"ModPacksEnterModPackName": "Enter Mod Pack name",
		"ModPackViewList": "View List",
		"ModPackEnableThisList": "Enable this List",
		"ModPackEnableOnlyThisList": "Enable only this List",
		"ModPackUpdateListWithEnabled": "Update List with Enabled",
		"ModPackViewModsInModBrowser": "View Mods in Mod Browser",
		"ModPackModsAvailableStatus": "{0} Total, {1} Enabled, {2} Disabled, {3} Missing",
		"ModPackModsMissing": "The following mods were not found:\n{0}",
		"ModPackModsContained": "This list contains the following mods:\n{0}",
		"ModPackMissing": " - Missing",
		"ModPackDisabled": " - Disabled",
		"ModPackLoadingSpecifiedModPack": "Loading specified modpack: {0}",
		"ModPackDoesNotExist": "Modpack {0} does not exist.",
		"ModPackMalformed": "The {0} modpack failed to be read properly, it might be malformed.",

		// ModNet/Multiplayer
		"MPSyncingMods": "Syncing Mods",
		"MPServerModsCantDownload": "The following mods are installed on the server but cannot be downloaded",
		"MPServerModsCantDownloadReasonSigned": "because you only accept mods signed by the mod browser",
		"MPServerModsCantDownloadReasonAutomaticDownloadDisabled": "because you have disabled automatic mod downloading",
		"MPServerModsCantDownloadChangeSettingsHint": "You will need to change your settings or acquire the mods from the server owner.",
		"MPShowServerConsoleYes": "Show Server Console: On",
		"MPShowServerConsoleNo": "Show Server Console: Off",
		"MPErrorModHashMismatch": "Hash mismatch",
		"MPErrorModNotSigned": "Mod was not signed by the Mod Browser",
		"MPErrorModDownloadError": "An error occurred while downloading {0}",
		"MPPacketTooLarge": "Packet too large {0} > {1}",

		// Mod Browser
		"MBDownload": "Download",
		"MBDownloadAll": "Download All",
		"MBDownloadingMod": "Downloading: {0}",
		"MBInstallingMod": "Installing: {0}",
		"MBDownloadFileProblem": "Failed to handle {0}",
		"MBReleaseFileHandle": "Releasing file handle for {0}",
		"MBDownloadFinished": "Downloading mods finished, returning to browser",
		"MBUploadingMod": "Uploading: {0}",
		"MBDowngrade": "Downgrade",
		"MBUpdate": "Update",
		"MBRequiresTMLUpdate": "Requires {0}",
		"MBClickToUpdate": "Click to update",
		"MBDowngradeWithDependencies": "Downgrade with dependencies",
		"MBUpdateWithDependencies": "Update with dependencies",
		"MBDownloadWithDependencies": "Download with dependencies",
		"MBUpdateAll": "Update All",
		"MBReloadBrowser": "Reload browser",
		"MBGettingData": "Getting data...",
		"MBPopulatingBrowser": "Populating browser...",
		"MBSortByRecentlyUpdated": "Sort by recently updated",
		"MBSortByPopularity": "Sort by popularity",
		"MBSortDownloadDesc": "Sort by downloads descending",
		"MBSortDownloadAsc": "Sort by downloads ascending",
		"MBShowAllMods": "Show all mods",
		"MBShowNotInstalledUpdates": "Show mods not installed and updates",
		"MBShowUpdates": "Show only updates",
		"MBShowInstalled": "Show installed mods",
		"MBShowMSAll": "Show all mods",
		"MBShowMSBoth": "Show normal side only mods",
		"MBShowMSClient": "Show client side only mods",
		"MBShowMSServer": "Show server side only mods",
		"MBShowMSNoSync": "Show no sync only mods",
		"MBClearSpecialFilter": "Clear Special Filter: {0}",
		"MBOfflineWithReason": "Offline ({0})",
		"MBBusy": "Busy",
		"MBUnknown": "Unknown",
		"MBOfflineTroubleshooting": "The Mod Browser can't be reached, this can be due to many reasons.\n 1. Check your Internet connection.\n 2. The Mod Browser might just be offline. If it worked before, just wait a few hours.\n 3. Double-click this message to open the Mod Browser website. You can use this to manually download mods. If this works, you should check your firewall to allow Terraria.exe through or try disabling your VPN if you are using one.\n 4. If that website does not work, the Mod Browser server might be blocked by your Government, Internet Service Provider, Router, or Web Filter. If that is the case, you'll need to figure it out on your own.",
		"MBClickToViewDependencyMods": "Click to view dependency mods:\n{0}",
		"MBModsNotFoundOnline": "The following mods were not found on the Mod Browser: {0}",
		"MBFilterDependencies": "Dependencies",
		"MBFilterModlist": "Modlist",
		"MBExceededBandwidth": "The Mod Browser server has exceeded its daily bandwidth allotment. Please consult this mod's homepage for an alternate download or try again later.",
		"MBUnknownMBError": "Unknown Mod Browser Error. Try again later.",
		"MBNoModsFound": "No mods found",
		"MBBrowserError": "The mod browser encountered an error.",
		"1SecondAgo": "1 second ago",
		"XSecondsAgo": "{0} seconds ago",
		"1MinuteAgo": "1 minute ago",
		"XMinutesAgo": "{0} minutes ago",
		"1HourAgo": "1 hour ago",
		"XHoursAgo": "{0} hours ago",
		"1DayAgo": "1 day ago",
		"XDaysAgo": "{0} days ago",
		"1MonthAgo": "1 month ago",
		"XMonthsAgo": "{0} months ago",
		"1YearAgo": "1 year ago",
		"XYearsAgo": "{0} years ago",
		"MBServerReturnToMenu": "Return to world menu",
		"MBServerAskForModName": "Type an exact ModName to download: ",
		"MBServerDownloadError": "Error: Could not download {0} -- {1}",

		// Mod Publishing
		"MBPublishEnterPassphrase": "Please Enter Your Passcode",
		"MBPublishVisitWebsiteForPassphrase": "Visit Website to Generate Passphrase",
		"MBPublishPastePassphrase": "Paste Passphrase (ctrl-v)",
		"MBMyPublishedMods": "My Published Mods",
		"MBUnpublish": "Unpublish",
		"MBMyPublishedModsStats": "{0} downloads ({1} latest version)",
		"EnterSteamID": "Please Enter Your SteamID",
		"PasteSteamID": "Paste SteamID (ctrl-v)",
		"MBServerResponse": "The Mod Browser server response:\n\n{0}",

		// TML Options
		"DownloadFromServersYes": "Download Mods From Servers: On",
		"DownloadFromServersNo": "Download Mods From Servers: Off",
		"DownloadSignedYes": "Only Download Signed Mods From Servers: On",
		"DownloadSignedNo": "Only Download Signed Mods From Servers: Off",
		"MusicStreamModeConvert": "Music Stream Mode: Convert On Demand",
		"MusicStreamModeStream": "Music Stream Mode: Stream From Cache",
		"AlwaysLogExceptionsYes": "Always Log Exceptions: On",
		"AlwaysLogExceptionsNo": "Always Log Exceptions: Off",
		"ExperimentalFeaturesYes": "Experimental Features: On",
		"ExperimentalFeaturesNo": "Experimental Features: Off",
		"RemoveForcedMinimumZoomYes": "Remove Forced Minimum Zoom: On",
		"RemoveForcedMinimumZoomNo": "Remove Forced Minimum Zoom: Off",
		"AllowGreaterResolutionsYes": "Allow Greater Resolutions: On",
		"AllowGreaterResolutionsNo": "Allow Greater Resolutions: Off",
		"ShowMemoryEstimatesYes": "Show Mod Memory Estimates: On",
		"ShowMemoryEstimatesNo": "Show Mod Memory Estimates: Off",
		"ClearMBCredentials": "Clear Mod Browser Credentials",
		"AutomaticallyEnableNewlyDownloadedModsYes": "Automatically enabled newly downloaded mods: On",
		"AutomaticallyEnableNewlyDownloadedModsNo": "Automatically enabled newly downloaded mods: Off",
		"AutomaticallyReloadAndEnableModsLeavingModBrowserYes": "Automatically enable and reload mods when leaving Mod Browser: On",
		"AutomaticallyReloadAndEnableModsLeavingModBrowserNo": "Automatically enable and reload mods when leaving Mod Browser: Off",
		"ReloadModsReminder": "You have updated a disabled mod. Remember to enable it and reload mods for it to take effect.",
		"EnableModsReminder": "Your recently downloaded mods are currently disabled. Remember to enable them and reload if you intend to use them.",
		"DontShowAgain": "Don't show again",
		"ModControls": "Mod Controls",

		// Player and World Select
		"MigratePlayersMessage": "You have no players.\nIf you'd like to migrate your players from vanilla to tModLoader,\nplease copy them from /Terraria/Players to /Terraria/ModLoader/Players.\nCopy the .plr file and the similarly named folder over.\nClick me to open those folders.\nAfter copying over the players you want, press back.",
		"MigratePlayersText": "Click here to migrate players...",
		"MigratePlayersException": "There was a problem while trying to migrate Player files",
		"MigrateWorldsMessage": "You have no worlds.\nIf you'd like to migrate your worlds from vanilla to tModLoader,\nyou can press the migrate button below to do so automatically.\nAlternatively, you can copy them from\n /Terraria/Worlds\nto\n/Terraria/ModLoader/Worlds manually.\nCopy the .wld files over.\nClick this text to open those folders.\nAfter copying over the worlds you want, press back.",
		"MigrateWorldsText": "Click here to migrate worlds...",
		"MigratingWorldsText": "Migrating...",
		"ModsDifferentSinceLastPlay": "The following mods are different since last time you played: ",
		"Missing1Mod": "Missing 1 mod.",
		"MissingXMods": "Missing {0} mods.",
		"MissingModsListing": "Missing mods:\n{0}",
		"New1Mod": "1 new mod.",
		"NewXMods": "{0} new mods.",
		"NewModsListing": "New mods:\n{0}",
		"PlayerCustomDataFail": "A problem was encountered when loading custom data for a player",
		"PlayerLoadWorldFail": "A problem was encountered when trying to load a world",
		"CloudWarning": "Cloud storage limit reached, unable to move to cloud",

		// Mod Sources
		"MSBuild": "Build",
		"MSBuildReload": "Build + Reload",
		"MSBuildAll": "Build All",
		"MSBuildReloadAll": "Build + Reload All",
		"MSUpgradeCSProj": "Upgrade .csproj file",
		"MSOpenSources": "Open Sources",
		"MSManagePublished": "Manage Published",
		"MSPublish": "Publish",
		"MSModSourcesCantHaveSpaces": "(Mod Sources folders can't have spaces)",
		"MSCreateMod": "Create Mod",

		// Developer Mode UI
		"DMModCompileMissing": "Extra libraries are required to build mods. (ModCompile folder missing)",
		"DMModCompileUpdate": "ModCompile folder version mismatch. Terraria: {0}, ModCompile: {1}",
		"DMModCompileDev": "Use the tModLoader development setup tool to generate/update the ModCompile folder (SetupDebugging).\nOtherwise rebuild {0}",
		"DMModCompileSatisfied": "ModCompile folder up to date.",
		"DMDotNetSatisfied": "{0} is installed",
		"DMDotNetUpdateRequired": ".NET Framework {0} or newer is required to build mods. Please download the latest .NET Framework.",
		"DMMonoUpdateRequired": "Mono {0} or newer is required to build mods. Please install the latest Mono.",
		"DMMonoRuntimeRequired": "Terraria must be launched with Mono {0} or newer to build mods. Please update your start scripts.",
		"DMReferenceAssembliesMissing": ".NET 4.5 Reference Assemblies not found. Please install Visual Studio with the .NET 4.5 Targetting pack.",
		"DMReferenceAssembliesMissingMono": ".NET 4.5 Reference Assemblies not found. Please ensure your installation of mono contains {0}",
		"DMReferenceAssembliesSatisfied": "Ready to compile targetting .NET 4.5",
		"DMReferenceAssembliesDownload": "Click to download just the targetting pack (not recommended)",
		"DMVisualStudio": "Visual Studio",
		"DMTutorialWelcome": "Welcome to modding with tModLoader. Check out the Wiki for more information and tutorials.",
		"DMTutorial": "Tutorial",
		"DMUpdateScripts": "Update Scripts",
		"DMScriptsRequireRestart": "Start scripts have been updated and require tModLoader to be restarted.",
		"DMUpdateMonoToDownloadModCompile": "Extra libraries can be downloaded from github when running on an up-to-date version of Mono.",

		// Extract Mod
		"ExtractErrorWhileExtractingMod": "An error occurred while extracting {0}",
		"ExtractHideCodeMessage": "The modder has chosen to hide the code from tModReader.",
		"ExtractNoSourceCodeMessage": "The modder has not chosen to include their source code.",
		"ExtractHideResourcesMessage": "The modder has chosen to hide resources (ie. images) from tModReader.",
		"ExtractFileListing": "Files:",

		// Mod Commands
		"CommandModListDescription": "Displays a list of loaded mods.",
		"CommandModListServerMods": "Server Mods:",
		"CommandModListSyncedMods": "Synced Mods:",
		"CommandModListClientMods": "Client Mods:",
		"CommandModListModlist": "Modlist:",

		// Mod Building
		"Building": "Building: {0}",
		"ReadingProperties": "Reading properties: {0}",
		"Compiling": "Compiling {0}",
		"CompilationResult": "Compilation finished with {0} errors and {1} warnings",
		"LoadingPrecompiled": "Loading pre-compiled {0} from {1}",
		"EnabledEAC": "Edit and continue path: {0}",
		"Packaging": "Packaging: {0}",
		// There should be ModName after ':'
		"MSFinding": "Finding Mods...",
		"MSInstantiating": "Instantiating Mods...",
		"MSSandboxing": "Sandboxing: {0}",
		"MSIntializing": "Initializing: {0}",
		"MSLoading": "Loading: {0}",
		"MSUnloading": "Unloading: {0}",
		"MSFinishingResourceLoading": "Finishing Resource Loading",
		"MSSettingUp": "Setting up...",
		"MSAddingRecipes": "Adding Recipes...",
		"AddingModContent": "Adding mod content...",

		// Mod Loader Mod
		"StartBagTooltip": "Some starting items couldn't fit in your inventory",
		"StartBagItemName": "Starting Bag",
		"UnloadedItemItemName": "Unloaded Item",
		"UnloadedItemModTooltip": "Mod: {0}",
		"UnloadedItemItemNameTooltip": "Item: {0}",
		"AprilFoolsJoke": "April Fools Joke",
		"DefaultTownNPCName": "No-Name",
		"DefaultTownNPCChat": "My modder forgot to give me a chat message.",
		"DefaultNurseCantHealChat": "I don't know why I can't heal you, the modder forgot to give me a chat message.",

		// Extra mouse buttons
		"MouseMiddle": "Middle Mouse",
		"MouseXButton1": "Mouse 4",
		"MouseXButton2": "Mouse 5",

		// Misc
		"OK": "OK",
		"Continue": "Continue",
		"PatreonSetTooltip": "Thank you for your support!",
		"WorldGenError": "A problem was encountered during world generation",
		"WorldIODataException": "The game encountered a mod data problem for a world.",
		"ServerCrash": "Server crash: {0}\n{1}\n\nPlease check server.log to determine if a mod is responsible, otherwise head to #support in the tModLoader Discord",

		// MessageBox
		"ContentFolderNotFound": "Terraria Content folder not found. If you installed tModLoader through Steam, make sure that Terraria is installed. If not, make sure to install tModLoader in a folder nested within the Terraria install directory or a folder next to the Terraria install directory.",
		"MissingServerExecutable": "Looks like you didn't do a complete install. You are missing tModLoaderServer.exe. Check your install directory and read the install directions.",
		"GraphicsEngineFailure": "Graphics Engine Failure",
		"GraphicsEngineReportUnknown": "Unknown",
		"GraphicsEngineReportFailure": "Failure",
		"GraphicsEngineFailureMessage": "tML encountered a crash when testing some experimental graphics features. If this issue persists consistently, you may have to edit config.json and set the Support4K setting to false. \nPlease restart your game.\nReport Status: {0}",
		"OutOfMemory": "Game ran out of memory. You'll have to find which mod is consuming lots of memory, and contact the devs or remove it.",
		"ContentFolderNotFoundInstallCheck": "{0} directory could not be found.\r\n\r\nDid you forget to extract tModLoader's Content directory into the tModLoader folder?\r\n\r\nEnsure tModLoader is installed in a separate folder from Terraria.",
		"VanillaSteamInstallationNotFound": "Terraria Steam installation or Terraria Content directory not found.\r\n\r\nPlease ensure Terraria 1.4 is installed through Steam.",
		"SteamAPIHashMismatch": "Steam API hash mismatch, assumed pirated.\n\ntModLoader requires a legitimate Terraria install to work.",
		"VanillaGOGNotFound": "{0} could not be found.\r\n\r\nGOG installs must have the unmodified Terraria executable to function. This version of tModLoader expects the {1} version of Terraria, you may need to downgrade or upgrade Terraria via GOG Galaxy, or wait for tModLoader to update.",
		"GOGHashMismatch": "{0} is not the unmodified Terraria executable.\r\n\r\nGOG installs must have the unmodified Terraria executable to function.\r\n\r\nIf you patched the .exe, you can create a copy of the original exe and name it \"Terraria_v<VERSION>.exe\"",
		"DefaultExtraMessage": "Please restore your Terraria install, then install tModLoader on Steam or by following the README.txt instructions for manual installation.",
		"ClientLogHint": "{0}\n\nA client.log file containing error information has been generated in\n{1}\n(You will need to share this file if asking for help)",
		"OutOfMemoryHint": "\n\nTip: Try running less mods at once, or determine if a mod is taking up too much memory. Optionally, install 64-bit tModLoader",
		"ModExceptionHint": "\n\nTip: This is likely a mod's fault. Disable mods one by one and check if the issue persists",
		"OneDriveHint": "\n\nTip: Try installing/enabling OneDrive. Right click your Documents folder and enable \"Always save on this device\"",
		"AntivirusHint": "\n\nTip: If you have an antivirus, try adding Terraria to its whitelist/exclusion list",
		"TypeInitializationHint": "\n\nTip: Restart the game. If this issue persists, try uninstalling Terraria completely, then reinstalling through Steam, and then reinstalling tModLoader"
	},
	"CommonItemTooltip": {
		"PercentIncreasedDamage": "{0}% increased damage"
	}
}
