{
	"tModLoader": {
		// Main Menu
		"PatreonSupport": "Muéstranos tu apoyo: ",
		"MenuModBrowser": "Navegador de Mods",
		"MenuMods": "Mods",
		"MenuModSources": "Fuentes de Mods",
		"MenuEnableDeveloperMode": "Activar modo desarrollador",
		"FirstLaunchWelcomeMessage": "Bienvenido a tModLoader.\n\ntModLoader se ha instalado correctamente. Usa el menú del Navegador de Mods para buscar los mods que quieras descargar. Usa el menú de Mods para cambiar los mods que tengas activados. Después de cambiar de mods, asegúrate de pulsar el botón Recargar mods para poder usarlos.",
		"tModLoaderSettings": "Configuración de tModLoader",

		// Mods Menu
		"ModsModsList": "Lista de mods",
		"ModsEnableAll": "Activar todos",
		"ModsDisableAll": "Desactivar todos",
		"ModsReloadMods": "Recargar mods",
		"ModsOpenModsFolder": "Carpeta de mods",
		"ModsModPacks": "Packs de mods",
		"ModsDisable": "Desactivar",
		"ModsEnable": "Activar",
		"ModsOpenConfig": "Haz clic para abrir la configuración",
		"ModOldWarning": "Mod desactualizado, actívalo bajo tu propia responsabilidad",
		"ModDependencyClickTooltip": "Este mod depende de {0}\n (haz clic para activar)",
		"ModDependencyClickTooltipMore": "Este mod depende de: {0}\n... y {1} mods adicionales\n (haz clic para activar)",
		"ModDependencyModsNotFound": "Los siguientes mods no han sido encontrados: {0}",
		"ModDidNotFullyUnloadWarning": "Este mod no se desactivó completamente durante el último reinicio.\n(Este es un mensaje para el creador del mod)",
		"BetaModCantPublish": "Este mod ha sido desarrollado en una versión beta y no puede ser publicado",
		"BetaModCantPublishError": "No puedes publicar un mod basado en una versión beta de tModLoader",
		"OutdatedModCantPublishError": "No puedes publicar un mod creado para una versión antigua de tModLoader",
		"ModReloadRequired": "Reinicio necesario",
		"ModReloadForced": "Reinicio forzado",
		"ModIsServerSide": "Este es un mod del lado del servidor",
		"ModsByline": "De: {0}",
		"ModsMoreInfo": "Información",
		"ModsOriginatedFromModBrowser": "Este mod proviene del Navegador de Mods",
		"ModsTypeToSearch": "Buscar",
		"ModsSearchByModName": "Buscar por nombre de mod",
		"ModsSearchByAuthor": "Buscar por autor",
		"ModsSortRecently": "Ordenar por actualizaciones recientes",
		"ModsSortNamesAlph": "Ordenar por nombre (orden alfabético)",
		"ModsSortNamesReverseAlph": "Ordenar por nombre (orden alfabético inverso)",
		"ModsShowAllMods": "Mostrar todos los mods",
		"ModsShowEnabledMods": "Mostrar solo mods activados",
		"ModsShowDisabledMods": "Mostrar solo mods desactivados",
		"ModsXItems": "{0} objetos",
		"ModsXNPCs": "{0} NPCs",
		"ModsXTiles": "{0} bloques",
		"ModsXWalls": "{0} paredes",
		"ModsXBuffs": "{0} estados",
		"ModsXMounts": "{0} monturas",
		"ModsReloadAndReturn": "Recargar y volver al menú del mundo",
		"ModsNotFoundServer": "No se han encontrado mods en: \"{0}\"\nSi estás ejecutando un servidor dedicado, es posible que quieras usar el comando 'modpath' en la línea de comandos o el ajuste de configuración del servidor para especificar un directorio personalizado de mods.\n",
		"AskForModIndex": "Escribe un número para cambiar entre activado/desactivado",
		"AskForCommand": "Escribe un comando: ",

		// Mod Errors
		"LoadError": "Se ha producido un error al cargar {0}",
		"LoadErrorDisabled": "Los mods se han desactivado automáticamente.",
		"LoadErrorCulpritUnknown": "Se desconoce el mod responsable y tModLoader debe ser reiniciado.",
		"LoadErrorVersionMessage": "Se ha detectado que este mod fue creado para tModLoader v. {0}\nSin embargo, estás usando la versión {1}",
		"LoadErrorDotNet45Required": "Se necesita .NET Framework 4.5 o posterior para usar los mods. Por favor, descarga la última versión de .NET Framework",
		"LoadErrorDependencyMissing": "Falta el mod {0}, requerido por {1}",
		"LoadErrorErrorReadingModFile": "Error de lectura del mod {0}",
		"LoadErrorHashMismatchCorrupted": "El hash no coincide, los datos se han modificado o corrompido",
		"LoadErrorDependencyVersionTooLow": "{0} requiere la versión {1} de {2} o mayor, pero está instalada la versión {3}",
		"LoadErrorMajorVersionMismatch": "{0} usa {2} con la versión {1}, pero tienes una versión más reciente ({3}), que puede no ser compatible. Debes actualizar {0}",
		"LoadWarningBannerOrBannerItemNotSet": "{0}: {1}. Has puesto ModNPC.banner o ModNPC.bannerItem, pero no el otro. Asegúrate de configurar ambos, revisa la ortografía y que el elemento exista si estás usando mod.ItemType(). Reporta esto a los desarrolladores de {0}.",
		"UnloadError": "Uno o más errores ocurrieron durante la desactivación y tModLoader debe reiniciarse para evitar más problemas.",
		"DefensiveUnload": "{0} no se ha desactivado correctamente. Los modders deben usar programación defensiva para asegurar que la desactivación se complete sin importar los errores durante la carga.",
		"BuildError": "Se ha producido un error durante la construcción de {0}",
		"CompileError": "La compilación de {0} falló con {1} error(es) y {2} advertencia(s)",
		"BuildErrorModNameEmpty": "Los mods deben tener algo en sus nombres",
		"BuildErrorModNamedTerraria": "Los mods no pueden llamarse Terraria",
		"BuildErrorModNameHasPeriod": "El nombre interno de un mod no puede contener puntos",
		"BuildErrorTwoModsSameName": "Dos mods comparten el nombre interno {0}",
		"BuildErrorModReference": "Error de lectura de la referencia del mod {0}",
		"BuildErrorMissingNoCompile": "Faltan archivos .dll para noCompile: {0} o {1}\n\nAll.dll no debe tener ninguna referencia a Microsoft.Xna.Framework o FNA\nXNA.dll debe hacer referencia a tModLoader.exe y framework",
		"BuildErrorModNameDoesntMatchAssemblyName": "El nombre del mod {0} no coincide con el nombre del ensamblaje {1}",
		"BuildErrorNamespaceFolderDontMatch": "El espacio de nombres y el nombre de la carpeta no coinciden. El espacio de nombres del nivel superior debe coincidir con el nombre de la carpeta.",
		"BuildErrorNoModClass": "Asegúrate de tener exactamente una clase extendiendo el mod.",
		"BuildErrorLoadingPrecompiled": "Error al cargar el precompilado: {0}",
		"BuildErrorFailedLoadBuildTxt": "Error al cargar {0}",
		"BuildWarningEACWindowsOnly": "Editar y continuar solo está soportado en las ventanas.",
		"LoadErrorTextureFailedToLoad": "El archivo de textura en {0} falló al cargarse",
		"LoadErrorWavSoundFailedToLoad": "El archivo WAV de sonido en {0} falló al cargarse",
		"LoadErrorMP3SoundFailedToLoad": "El archivo MP3 de sonido en {0} falló al cargarse",
		"LoadErrorSoundFailedToLoadAudioDeviceHint": "(Asegúrate de que tu ordenador tiene los altavoces conectados y los dispositivos de audio habilitados)",
		"LoadErrorFontFailedToLoad": "El archivo fuente en {0} falló al cargarse",
		"LoadErrorEffectFailedToLoad": "El archivo de efectos en {0} falló al cargarse",
		"LoadErrorUnknownXNBFileHint": "Archivo XNB desconocido: {0}. Tal vez debería estar en /Fonts o /Effects",
		"LoadErrorCannotLoadCompressedEffects": "No se pueden cargar los efectos comprimidos.",
		"LoadErrorAddItemOnlyInLoad": "AddItem solo puede ser invocado desde Mod.Load o Mod.Autoload",
		"LoadError2ModItemSameName": "Has intentado añadir 2 ModItems con el mismo nombre: {0}. Tal vez 2 clases comparten un nombre de clase pero en diferentes espacios de nombres mientras se cargan automáticamente, o quizá llamaste manualmente al AddItem con 2 ítems con el mismo nombre.",
		"LoadErrorResourceNotFoundPathHint": "Recurso esperado no encontrado: \n    {0}\nSuposición más probable: (¿Hay un error de ortografía o de colocación de la carpeta?)\n    {1}",
		"RuntimeErrorSilentlyCaughtException": "Excepción silenciosa: ",
		"RuntimeErrorSeeLogsForFullTrace": "(abre {0} para ver el registro completo)",
		"OpenLogs": "Abrir registros",
		"OpenWebHelp": "Abrir página de ayuda en el navegador",
		"SkipToMainMenu": "Omitir carga de mods",
		"Retry": "Reintentar",
		"Exit": "Salir",
		"ExitAndDisableAll": "Salir y desactivar todos",

		// Mod Info
		"ModInfoHeader": "Info del mod: ",
		"ModInfoVisitHomepage": "Visita la página web del mod para más información",
		"ModInfoExtract": "Extraer",
		"ModInfoNoDescriptionAvailable": "Sin descripción",
		"ModInfoProblemTryAgain": "Ha habido un problema, inténtalo de nuevo",
		"ModInfoDisableModToDelete": "Desactiva el mod para borrarlo",

		// Mod Packs
		"ModPacksHeader": "Packs de mods",
		"ModPacksSaveEnabledAsNewPack": "Guardar mods activos como pack",
		"ModPacksEnterModPackName": "Introduce el nombre del pack",
		"ModPackViewList": "Ver lista",
		"ModPackEnableThisList": "Activar esta lista",
		"ModPackEnableOnlyThisList": "Activar solo esta lista",
		"ModPackUpdateListWithEnabled": "Actualizar lista con mods activados",
		"ModPackViewModsInModBrowser": "Ver mods en el Navegador de Mods",
		"ModPackModsAvailableStatus": "{0} totales, {1} activo(s), {2} desactivado(s), {3} faltante(s)",
		"ModPackModsMissing": "No se han encontrado los siguientes mods:\n{0}",
		"ModPackModsContained": "Esta lista contiene los siguientes mods:\n{0}",
		"ModPackMissing": " - Faltante",
		"ModPackDisabled": " - Desactivado",
		"ModPackLoadingSpecifiedModPack": "Cargando el pack especificado: {0}",
		"ModPackDoesNotExist": "El pack {0} no existe.",
		"ModPackMalformed": "El pack {0} no se ha leído correctamente, podría estar dañado.",

		// ModNet/Multiplayer
		"MPSyncingMods": "Sincronizando mods",
		"MPServerModsCantDownload": "Los siguientes mods están instalados en el servidor pero no pueden ser descargados",
		"MPServerModsCantDownloadReasonSigned": "porque solo aceptas mods firmados por el Navegador de Mods",
		"MPServerModsCantDownloadReasonAutomaticDownloadDisabled": "porque has desactivado la descarga automática de mods",
		"MPServerModsCantDownloadChangeSettingsHint": "Cambia tu configuración o consigue por tu cuenta los mods del propietario del servidor.",
		"MPShowServerConsoleYes": "Mostrar consola del servidor: Sí",
		"MPShowServerConsoleNo": "Mostrar consola del servidor: No",
		"MPErrorModHashMismatch": "El hash no coincide",
		"MPErrorModNotSigned": "El mod no ha sido firmado por el Navegador de Mods",
		"MPErrorModDownloadError": "Se ha producido un error al descargar {0}",
		"MPPacketTooLarge": "Paquete demasiado grande {0} > {1}",

		// Mod Browser
		"MBDownload": "Descargar",
		"MBDownloadAll": "Descargar todos",
		"MBDownloadingMod": "Descargando: {0}",
		"MBInstallingMod": "Instalando: {0}",
		"MBDownloadFileProblem": "Error al gestionar {0}",
		"MBReleaseFileHandle": "Liberando la gestión de archivos para {0}",
		"MBDownloadFinished": "La descarga de mods ha finalizado, volviendo al navegador",
		"MBUploadingMod": "Subiendo: {0}",
		"MBDowngrade": "Desactualizar",
		"MBUpdate": "Actualizar",
		"MBRequiresTMLUpdate": "Necesita {0}",
		"MBClickToUpdate": "Haz clic para actualizar",
		"MBDowngradeWithDependencies": "Desactualizar con dependencias",
		"MBUpdateWithDependencies": "Actualizar con dependencias",
		"MBDownloadWithDependencies": "Descargar con dependencias",
		"MBUpdateAll": "Actualizar todos",
		"MBReloadBrowser": "Recargar navegador",
		"MBGettingData": "Obteniendo datos...",
		"MBPopulatingBrowser": "Rellenando navegador...",
		"MBSortByRecentlyUpdated": "Ordenar por actualizaciones recientes",
		"MBSortByPopularity": "Ordenar por popularidad",
		"MBSortDownloadDesc": "Ordenar por descargas (descendente)",
		"MBSortDownloadAsc": "Ordenar por descargas (ascendente)",
		"MBShowAllMods": "Mostrar todos los mods",
		"MBShowNotInstalledUpdates": "Mostrar mods sin instalar y actualizaciones",
		"MBShowUpdates": "Mostrar solo actualizaciones",
		"MBShowInstalled": "Mostrar mods instalados",
		"MBShowMSAll": "Mostrar todos los mods",
		"MBShowMSBoth": "Mostrar mods del lado normal",
		"MBShowMSClient": "Mostrar mods del lado del cliente",
		"MBShowMSServer": "Mostrar mods del lado del servidor",
		"MBShowMSNoSync": "Mostrar mods sin sincronización",
		"MBClearSpecialFilter": "Borrar filtro: {0}",
		"MBOfflineWithReason": "Sin conexión ({0})",
		"MBBusy": "Ocupado",
		"MBUnknown": "Desconocido",
		"MBOfflineTroubleshooting": "No se puede acceder al Navegador de Mods. Esto puede deberse a diversas razones.\n 1. Revisa tu conexión a internet.\n 2. El Navegador de Mods podría estar sin conexión. Si funcionaba antes, espera unas horas.\n 3. Haz doble clic en este mensaje para abrir el sitio web del Navegador de Mods. Puedes usarlo para descargar manualmente los mods. Si esto funciona, verifica tu firewall para permitir el acceso de Terraria.exe o intenta desactivar tu VPN si usas uno.\n 4. Si ese sitio web no funciona, el servidor del Navegador de Mods podría estar bloqueado por tu Gobierno, Proveedor de Servicios de Internet, Router, o Filtro Web. Si este es el caso, tendrás que averiguarlo por tu cuenta.",
		"MBClickToViewDependencyMods": "Mods necesarios:\n{0}",
		"MBModsNotFoundOnline": "Los siguientes mods no se encuentran en el Navegador de Mods: {0}",
		"MBFilterDependencies": "Dependencias",
		"MBFilterModlist": "Lista de mods",
		"MBExceededBandwidth": "El servidor del Navegador de Mods ha excedido su cuota diaria de ancho de banda. Por favor, consulta la página principal de este mod para obtener una descarga alternativa o inténtalo de nuevo más tarde.",
		"MBUnknownMBError": "Error desconocido del Navegador de Mods. Inténtalo de nuevo más tarde.",
		"MBNoModsFound": "No se han encontrado mods",
		"MBBrowserError": "El Navegador de Mods encontró un error.",
		"1SecondAgo": "Hace un segundo",
		"XSecondsAgo": "Hace {0} segundos",
		"1MinuteAgo": "Hace un minuto",
		"XMinutesAgo": "Hace {0} minutos",
		"1HourAgo": "Hace una hora",
		"XHoursAgo": "Hace {0} horas",
		"1DayAgo": "Hace un día",
		"XDaysAgo": "Hace {0} días",
		"1MonthAgo": "Hace un mes",
		"XMonthsAgo": "Hace {0} meses",
		"1YearAgo": "Hace un año",
		"XYearsAgo": "Hace {0} años",
		"MBServerReturnToMenu": "Volver al menú del mundo",
		"MBServerAskForModName": "Escribe el nombre exacto del mod que quieras descargar: ",
		"MBServerDownloadError": "Error: No se pudo descargar {0} -- {1}",

		// Mod Publishing
		"MBPublishEnterPassphrase": "Introduce tu Código de Acceso",
		"MBPublishVisitWebsiteForPassphrase": "Visita la página web para generar una contraseña",
		"MBPublishPastePassphrase": "Pegar contraseña (ctrl-v)",
		"MBMyPublishedMods": "Mis mods publicados",
		"MBUnpublish": "Ocultar",
		"MBMyPublishedModsStats": "{0} descargas ({1} es la última versión)",
		"EnterSteamID": "Por favor, introduce tu SteamID",
		"PasteSteamID": "Pegar SteamID (ctrl-v)",
		"MBServerResponse": "Respuesta del servidor del Navegador:\n\n{0}",

		// TML Options
		"DownloadFromServersYes": "Descargar mods de los servidores: Activado",
		"DownloadFromServersNo": "Descargar mods de los servidores: Desactivado",
		"DownloadSignedYes": "Solo descargas seguras: Activado",
		"DownloadSignedNo": "Solo descargas seguras: Desactivado",
		"MusicStreamModeConvert": "Transmisión de música: Reproducir bajo demanda",
		"MusicStreamModeStream": "Transmisión de música: Reproducir desde caché",
		"AlwaysLogExceptionsYes": "Registro completo de excepciones: Activado",
		"AlwaysLogExceptionsNo": "Registro completo de excepciones: Desactivado",
		"ExperimentalFeaturesYes": "Contenido experimental: Activado",
		"ExperimentalFeaturesNo": "Contenido experimental: Desactivado",
		"RemoveForcedMinimumZoomYes": "Eliminar zoom mínimo forzado: Activado",
		"RemoveForcedMinimumZoomNo": "Eliminar zoom mínimo forzado: Desactivado",
		"AllowGreaterResolutionsYes": "Permitir resoluciones mayores: Activado",
		"AllowGreaterResolutionsNo": "Permitir resoluciones mayores: Desactivado",
		"ShowMemoryEstimatesYes": "Mostrar estimaciones de memoria de mods: Activado",
		"ShowMemoryEstimatesNo": "Mostrar estimaciones de memoria de mods: Desactivado",
		"ClearMBCredentials": "Borrar credenciales del Navegador",
		"AutomaticallyEnableNewlyDownloadedModsYes": "Activar automáticamente nuevos mods: Activado",
		"AutomaticallyEnableNewlyDownloadedModsNo": "Activar automáticamente nuevos mods: Desactivado",
		"AutomaticallyReloadAndEnableModsLeavingModBrowserYes": "Activar y recargar automáticamente mods al salir del Navegador: Activado",
		"AutomaticallyReloadAndEnableModsLeavingModBrowserNo": "Activar y recargar automáticamente mods al salir del Navegador: Desactivado",
		"ReloadModsReminder": "Has actualizado un mod desactivado. Recuerda activarlo y recargar los mods para que funcione.",
		"EnableModsReminder": "Tus últimos mods descargados están desactivados. Recuerda activarlos y recargarlos si tienes intención de jugar con ellos.",
		"DontShowAgain": "No mostrar de nuevo",
		"ModControls": "Controles de mods",

		// Player and World Select
		"MigratePlayersMessage": "No tienes jugadores.\nSi quieres transferir tus jugadores de la versión clásica a tModLoader,\npor favor cópialos de /Terraria/Players a /Terraria/ModLoader/Players.\nCopia el archivo .plr y la carpeta de nombre similar.\nPulsa aquí para abrir esas carpetas.\nCuando hayas copiado los jugadores que querías, pulsa atrás.",
		"MigratePlayersText": "Haz clic aquí para transferir los jugadores...",
		"MigratePlayersException": "Ha habido un problema al intentar migrar los archivos del jugador",
		"MigrateWorldsMessage": "No tienes mundos.\nSi quieres migrar tus mundos de la versión clásica a tModLoader,\npuedes presionar el botón de transferencia de abajo para hacerlo automáticamente.\nAlternativamente, puedes copiarlos de\n/Terraria/Worlds\na /Terraria/ModLoader/Worlds manualmente.\nCopia los archivos .wld.\nHaz clic en este texto para abrir esas carpetas.\nCuando hayas copiado los mundos que querías, pulsa atrás.",
		"MigrateWorldsText": "Haz clic aquí para transferir mundos",
		"MigratingWorldsText": "Transfiriendo...",
		"ModsDifferentSinceLastPlay": "Los siguientes mods han cambiado desde la última vez que jugaste: ",
		"Missing1Mod": "Falta un mod",
		"MissingXMods": "Faltan {0} mods",
		"MissingModsListing": "Mods faltantes:\n{0}",
		"New1Mod": "Un mod nuevo",
		"NewXMods": "{0} mods nuevos",
		"NewModsListing": "Mods nuevos:\n{0}",
		"PlayerCustomDataFail": "Se ha producido un problema al cargar los datos personalizados de un jugador",
		"PlayerLoadWorldFail": "Se ha producido un problema al cargar un mundo",
		"CloudWarning": "No queda almacenamiento disponible en Steam Cloud, no puede moverse a la nube",

		// Mod Sources
		"MSBuild": "Construir",
		"MSBuildReload": "Construir y recargar mod",
		"MSBuildAll": "Construir todo",
		"MSBuildReloadAll": "Construir y recargar todo",
		"MSUpgradeCSProj": "Actualizar archivo .csproj",
		"MSOpenSources": "Abrir fuente",
		"MSManagePublished": "Gestionar publicaciones",
		"MSPublish": "Publicar",
		"MSModSourcesCantHaveSpaces": "(Las carpetas de fuentes de mods no pueden tener espacios)",
		"MSCreateMod": "Crear mod",

		// Developer Mode UI
		"DMModCompileMissing": "Se requieren librerías adicionales para construir mods. (Falta la carpeta ModCompile)",
		"DMModCompileUpdate": "La versión de la carpeta de ModCompile no coincide. Terraria: {0}, ModCompile: {1}",
		"DMModCompileDev": "Usa la herramienta de instalación de desarrollo de tModLoader para generar/actualizar la carpeta ModCompile (SetupDebugging).\nDe lo contrario reconstruye {0}",
		"DMModCompileSatisfied": "La carpeta ModCompile está actualizada.",
		"DMDotNetSatisfied": "{0} está instalado.",
		"DMDotNetUpdateRequired": "Se requiere .NET Framework {0} o posterior para crear mods. Por favor, instala la última versión de .NET Framework.",
		"DMMonoUpdateRequired": "Se requiere Mono {0} o posterior para crear mods. Por favor, instala la última versión de Mono.",
		"DMMonoRuntimeRequired": "Terraria debe ser iniciada junto a Mono {0} o posterior para crear mods. Por favor, actualiza tus scripts de inicio.",
		"DMReferenceAssembliesMissing": "No se encuentra .NET 4.5 Reference Assemblies. Por favor, instala Visual Studio con el paquete de objetivos .NET 4.5.",
		"DMReferenceAssembliesMissingMono": "No se encuentra .NET 4.5 Reference Assemblies. Por favor, asegúrate de que tu instalación de Mono contiene {0}",
		"DMReferenceAssembliesSatisfied": "Listo para compilar con el paquete de objetivos .NET 4.5",
		"DMReferenceAssembliesDownload": "Haz clic para descargar solo el paquete de objetivos (no recomendado)",
		"DMVisualStudio": "Visual Studio",
		"DMTutorialWelcome": "Bienvenido al modding con tModLoader. Echa un vistazo a la Wiki para obtener más información y tutoriales.",
		"DMTutorial": "Tutorial",
		"DMUpdateScripts": "Actualizar scripts",
		"DMScriptsRequireRestart": "Los scripts de inicio han sido actualizados y requieren que tModLoader se reinicie.",
		"DMUpdateMonoToDownloadModCompile": "Se pueden descargar librerías adicionales desde GitHub cuando se ejecuta una versión actualizada de Mono.",

		// Extract Mod
		"ExtractErrorWhileExtractingMod": "Se produjo un error al extraer {0}",
		"ExtractHideCodeMessage": "El modder ha elegido ocultar el código de tModReader.",
		"ExtractNoSourceCodeMessage": "El modder ha decidido no incluir su código fuente.",
		"ExtractHideResourcesMessage": "El modder ha decidido ocultar los recursos (es decir, las imágenes) de tModReader.",
		"ExtractFileListing": "Archivos:",

		// Mod Commands
		"CommandModListDescription": "Muestra una lista de los mods cargados.",
		"CommandModListServerMods": "Mods de servidor:",
		"CommandModListSyncedMods": "Mods sincronizados:",
		"CommandModListClientMods": "Mods de cliente:",
		"CommandModListModlist": "Lista de mods:",

		// Mod Building
		"Building": "Construyendo: {0}",
		"ReadingProperties": "Leyendo propiedades: {0}",
		"Compiling": "Compilando {0}",
		"CompilationResult": "Compilación terminada con {0} error(es) y {1} advertencia(s)",
		"LoadingPrecompiled": "Cargando precompilado {0} de {1}",
		"EnabledEAC": "Editar y continuar la ruta: {0}",
		"Packaging": "Empaquetando: {0}",
		// There should be ModName after ':'
		"MSFinding": "Buscando mods...",
		"MSInstantiating": "Instanciando mods...",
		"MSSandboxing": "Aislando: {0}",
		"MSIntializing": "Inicializando: {0}",
		"MSLoading": "Cargando mod: {0}",
		"MSUnloading": "Desactivando: {0}",
		"MSFinishingResourceLoading": "Finalizando carga de recursos",
		"MSSettingUp": "Preparando...",
		"MSAddingRecipes": "Añadiendo recetas...",
		"AddingModContent": "Añadiendo contenidos del mod...",

		// Mod Loader Mod
		"StartBagTooltip": "Algunos objetos de partida no cabían en tu inventario",
		"StartBagItemName": "Bolsa de partida",
		"UnloadedItemItemName": "Objeto sin cargar",
		"UnloadedItemModTooltip": "Mod: {0}",
		"UnloadedItemItemNameTooltip": "Objeto: {0}",
		"AprilFoolsJoke": "Chiste del Día de los Inocentes",
		"DefaultTownNPCName": "Sin nombre",
		"DefaultTownNPCChat": "A mi modder se le olvidó darme un mensaje que decir.",
		"DefaultNurseCantHealChat": "No sé por qué no puedo curarte, a mi modder se le olvidó darme un mensaje que decir.",

		// Extra mouse buttons
		"MouseMiddle": "Clic medio",
		"MouseXButton1": "Clic 4",
		"MouseXButton2": "Clic 5",

		// Misc
		"OK": "OK",
		"Continue": "Continuar",
		"PatreonSetTooltip": "¡Gracias por tu apoyo!",
		"WorldGenError": "Se ha producido un fallo durante la generación del mundo",
		"WorldIODataException": "Se ha encontrado un error en los datos de un mod para un mundo.",
		"ServerCrash": "Servidor caído: {0}\n{1}\n\nPor favor, comprueba server.log para determinar si el responsable es un mod. En caso contrario, dirígete a #support en el Discord de tModLoader",

		// MessageBox
		"ContentFolderNotFound": "No se ha encontrado la carpeta de contenido de Terraria. Si instalaste tModLoader a través de Steam, asegúrate de que Terraria esté instalado. Si no, asegúrate de instalar el tModLoader en una carpeta ubicada dentro del directorio de instalación de Terraria o en una carpeta junto al directorio de instalación de Terraria.",
		"MissingServerExecutable": "Parece que no has completado la instalación. Falta tModLoaderServer.exe. Revisa el directorio de instalación y lee las instrucciones de instalación.",
		"GraphicsEngineFailure": "Fallo del motor de gráficos",
		"GraphicsEngineReportUnknown": "Desconocido",
		"GraphicsEngineReportFailure": "Fallo",
		"GraphicsEngineFailureMessage": "tML se cerró al probar algunas características gráficas experimentales. Si el problema persiste, es posible que debas editar el archivo config.json y establecer el valor de Support4K en 'false'.\nPor favor, reinicia tu juego.\nEstado del informe: {0}",
		"OutOfMemory": "El juego se ha quedado sin memoria. Tendrás que encontrar qué mod está consumiendo recursos y contactar con sus desarrolladores o eliminarlo.",
		"ContentFolderNotFoundInstallCheck": "No se ha podido encontrar el directorio {0}.\r\n\r\n¿Olvidaste extraer el directorio de contenido de tModLoader en la carpeta de tModLoader?\r\n\r\nAsegúrate de que tModLoader esté instalado en una carpeta separada de Terraria.",
		"VanillaSteamInstallationNotFound": "Instalación de Terraria por Steam o el directorio de contenido de Terraria no encontrado. Por favor, asegúrate de que Terraria 1.4 se haya instalado por Steam.",
		"SteamAPIHashMismatch": "La API de Steam no coincide, se asume que es pirata.\n\ntModLoader necesita una versión legítima de Terraria para funcionar correctamente.",
		"VanillaGOGNotFound": "No se ha encontrado {0}. Las instalaciones de GOG deben tener el ejecutable de Terraria sin modificar para funcionar. Esta versión de tModLoader espera la versión {1} de Terraria, por lo que puede ser necesario restaurar una versión previa o actualizar Terraria a través de GOG Galaxy o esperar a que tModLoader se actualice.",
		"GOGHashMismatch": "{0} no es el ejecutable de Terraria sin modificar.\r\n\r\nLas instalaciones de GOG deben tener el ejecutable de Terraria sin modificar para funcionar.\r\n\r\nSi has parcheado el .exe, puedes crear una copia del ejecutable original y nombrarlo \"Terraria_v<VERSIÓN>.exe\"",
		"DefaultExtraMessage": "Restaura tu instalación de Terraria e instala tModLoader por Steam o siguiendo las instrucciones del README.txt para la instalación manual.",
		"ClientLogHint": "Se ha generado un archivo de registro del cliente con información sobre los errores en\n{1}\n(Tendrás que compartir este archivo si pides ayuda)",
		"OutOfMemoryHint": "\n\nSugerencia: Intenta ejecutar menos mods a la vez o determina si uno de ellos está ocupando demasiada memoria. Opcionalmente, puedes instalar tModLoader 64-bit",
		"ModExceptionHint": "\n\nSugerencia: Esto es probablemente culpa de un mod. Desactiva los mods uno por uno y comprueba si el problema persiste",
		"OneDriveHint": "\n\nSugerencia: Intenta instalar y activar OneDrive. Haz clic con el botón derecho del ratón en tu carpeta de Documentos y activa \"Guardar siempre en este dispositivo\"",
		"AntivirusHint": "\n\nSugerencia: Si tienes un antivirus, prueba a añadir Terraria a tu lista de exclusiones",
		"TypeInitializationHint": "\n\nSugerencia: Reinicia el juego. Si el problema persiste, prueba a desinstalar Terraria completamente, reinstálalo a través de Steam y vuelve a instalar tModLoader"
	},
	"CommonItemTooltip": {
		"PercentIncreasedDamage": "Aumenta un {0}% el daño"
	}
}
