{
	"tModLoader": {
		// Main Menu
		"PatreonSupport": "Considerez de nous supporter financièrement: ",
		"MenuModBrowser": "Navigateur",
		"MenuMods": "Mods",
		"MenuModSources": "Mods source",
		"MenuEnableDeveloperMode": "Activer le mode Développeur",
		// "FirstLaunchWelcomeMessage": "Welcome to tModLoader.\n\nYou have successfully installed tModLoader. Use the Mod Browser menu to find mods you wish to download. Use the Mods menu to change which mods are currently active. After changing mods, make sure you click the Reload Mods button to reload them.",
		// "tModLoaderSettings": "tModLoader Settings",

		// Mods Menu
		"ModsModsList": "Liste des Mods",
		"ModsEnableAll": "Tout activer",
		"ModsDisableAll": "Tout désactiver",
		"ModsReloadMods": "Relancer les Mods",
		"ModsOpenModsFolder": "Dossier des Mods",
		"ModsModPacks": "Packs de Mods",
		"ModsDisable": "Désactiver",
		"ModsEnable": "Activer",
		// "ModsOpenConfig": "Click to open config",
		"ModOldWarning": "Mod obsolète, activer à vos risques et périls",
		"ModDependencyClickTooltip": "Ce Mod dépend de : {0}\n (Cliquer pour activer)",
		// "ModDependencyClickTooltipMore": "This mod depends on: {0}\n...and {1} more mods\n (click to enable)",
		"ModDependencyModsNotFound": "Ces Mods n'ont pas été trouvés: {0}",
		// "ModDidNotFullyUnloadWarning": "This mod did not fully unload during last unload.\n(This is a message for the mod creator)",
		"BetaModCantPublish": "Ce Mod a été compilé en version Beta et ne peut pas être publié",
		"BetaModCantPublishError": "Vous ne pouvez pas publier un Mod compilé en version Beta de tModLoader",
		"OutdatedModCantPublishError": "Vous ne pouvez pas publier un Mod compilé avec une version obsolète de tModLoader",
		"ModReloadRequired": "Relance requise",
		"ModReloadForced": "Relance forcée",
		// "ModIsServerSide": "This is a server side mod",
		"ModsByline": "Par : {0}",
		"ModsMoreInfo": "Détails",
		"ModsOriginatedFromModBrowser": "Ce Mod est originaire du navigateur",
		"ModsTypeToSearch": "Rechercher",
		"ModsSearchByModName": "Trier par nom de Mod",
		"ModsSearchByAuthor": "Trier par nom d'Auteur",
		"ModsSortRecently": "Trier par date de mise à jour",
		"ModsSortNamesAlph": "Trier par ordre alphabétique",
		"ModsSortNamesReverseAlph": "Trier par ordre alphabétique inversé",
		"ModsShowAllMods": "Tout montrer",
		"ModsShowEnabledMods": "Montrer uniquement les Mods actifs",
		"ModsShowDisabledMods": "Montrer uniquement les Mods inactifs",
		"ModsXItems": "{0} objets",
		"ModsXNPCs": "{0} PNJs",
		"ModsXTiles": "{0} blocks",
		"ModsXWalls": "{0} murs",
		"ModsXBuffs": "{0} bonus",
		"ModsXMounts": "{0} montures",
		// "ModsReloadAndReturn": "Reload and return to world menu",
		// "ModsNotFoundServer": "No mods were found in: \"{0}\"\nIf you are running a dedicated server, you may wish to use the 'modpath' command line switch or server config setting to specify a custom mods directory.\n",
		// "AskForModIndex": "Type a number to switch between enabled/disabled",
		// "AskForCommand": "Type a command: ",

		// Mod Errors
		"LoadError": "Une erreur est apparue en lançant {0}",
		"LoadErrorDisabled": "Les mods ont été automatiquement désactivés.",
		"LoadErrorCulpritUnknown": "Le Mod fautif n'est pas identifié et tModLoader doit être redémarré.",
		"LoadErrorVersionMessage": "Il a été détecté que ce mod a été compilé pour la version de tModLoader {0}\nCependant, vous utilisez la version {1}",
		"LoadErrorDotNet45Required": "La version de .NET Framework 4.5 ou plus est requise pour utiliser des Mods. Merci de télécharger la plus récente version de .NET Framework",
		"LoadErrorDependencyMissing": "Mod manquant: {0} requis par {1}",
		"LoadErrorErrorReadingModFile": "Erreur durant la lecture de {0}",
		"LoadErrorHashMismatchCorrupted": "Le hachage ne correspond pas, les données ont été modifiées ou corrompues",
		"LoadErrorDependencyVersionTooLow": "{0} requiert la version {1} de {2} mais la version {3} est installée",
		"LoadErrorMajorVersionMismatch": "{0} requiert la version {1} de {2} mais la version {3} est installée, ce qui peut être incompatible. {0} doit être mis à jour.",
		"LoadWarningBannerOrBannerItemNotSet": "{0} : {1}. Vous avez un ModNPC.banner ou ModNPC.bannerItem, mais pas l'autre correspondant. Soyez certain d'avoir les deux, verifiez les noms, et que l'objet existe si vous utilisez mod.ItemType(). Reportez cette erreur aux développeurs de {0}.",
		"UnloadError": "Des erreurs se sont produites pendant la désactivation et tModLoader doit être redémarré pour prévenir d'autres erreurs.",
		"DefensiveUnload": "{0} n'a pas été désactivé correctement. Les Moddeurs doivent utiliser une programmation défensive afin d'assurer une désactivation complète malgré de potentielles erreurs pendant le chargement.",
		"BuildError": "Une erreur a été produite pendant la compilation de {0}",
		"CompileError": "La compilation de {0} a échoué avec {1} erreurs et {2} avertissements",
		"BuildErrorModNameEmpty": "Le Mod doit avoir un nom",
		"BuildErrorModNamedTerraria": "Vous ne pouvez pas avoir un Mod nommé Terraria",
		"BuildErrorModNameHasPeriod": "Le nom interne d'un Mod ne peut contenir de point",
		"BuildErrorTwoModsSameName": "Deux Mods partagent le même nom interne: {0}",
		"BuildErrorModReference": "Échec de la lecture de référence du Mod {0}",
		"BuildErrorMissingNoCompile": "Dossiers dll manquants pour noCompile: {0} ou {1}\n\nAll.dll ne doit pas avoir de références à Microsoft.Xna.Framework ou FNA\nXNA.dll doit être référencé par tModLoader.exe et le Framework appropriés",
		"BuildErrorModNameDoesntMatchAssemblyName": "Le nom de Mod {0} ne correspond pas au nom d'Assembly {1}",
		"BuildErrorNamespaceFolderDontMatch": "L'Espace de Noms et le nom de dossier ne correspondent pas. L'Espace de Noms primaire doit correspondre au nom du dossier.",
		"BuildErrorNoModClass": "Soyez certain d'avoir une classe dans votre Mod.",
		"BuildErrorLoadingPrecompiled": "Échec du chargement précompilé : {0}",
		"BuildErrorFailedLoadBuildTxt": "Échec de chargement : {0}",
		"BuildWarningEACWindowsOnly": "Modifier et continuer est uniquement supporté avec Windows.",
		"LoadErrorTextureFailedToLoad": "La texture située en {0} n'a pas chargé correctement",
		"LoadErrorWavSoundFailedToLoad": "Le dossier de son .wav situé en {0} n'a pas chargé correctement",
		"LoadErrorMP3SoundFailedToLoad": "Le dossier de son .mp3 situé en {0} n'a pas chargé correctement",
		"LoadErrorSoundFailedToLoadAudioDeviceHint": "(Vérifiez que votre ordinateur possède des haut-parleurs et l'équipement audio activé)",
		"LoadErrorFontFailedToLoad": "Le dossier de police situé en {0} n'a pas chargé correctement",
		"LoadErrorEffectFailedToLoad": "Le dossier d'effets situé en {0} n'a pas chargé correctement",
		"LoadErrorUnknownXNBFileHint": "Dossier xnb inconnu : {0}. Possiblement devrait être en Fonts/ ou Effects/",
		"LoadErrorCannotLoadCompressedEffects": "Impossible de charger des effets compressés.",
		"LoadErrorAddItemOnlyInLoad": "AddItem peut uniquement être appelé de Mod.Load ou Mod.Autoload",
		"LoadError2ModItemSameName": "Vous avez essayé d'ajouter 2 ModItems avec le même nom : {0}. 2 classes partagent possiblement un même nom de classe mais dans des Espaces de Noms différents pendant le chargement automatique ou vous avez manuellement appelé AddItem avec 2 objets possédant le même nom.",
		"LoadErrorResourceNotFoundPathHint": "Ressource supposée introuvable :\n    {0}\nRésultat le plus probable: (Possiblement un typo ou un mauvais emplacement?)\n    {1}",
		"RuntimeErrorSilentlyCaughtException": "Exception capturée silencieusement : ",
		"RuntimeErrorSeeLogsForFullTrace": "(Voir {0} pour plus de détails)",
		"OpenLogs": "Ouvrir les Registres",
		"OpenWebHelp": "Ouvrir l'Aide Internet",
		"SkipToMainMenu": "Sauter le chargement",
		"Retry": "Réessayer",
		"Exit": "Quitter",
		"ExitAndDisableAll": "Quitter et tout désactiver",

		// Mod Info
		"ModInfoHeader": "Détails : ",
		"ModInfoVisitHomepage": "Visiter la page d'accueil du Mod pour plus de détails",
		"ModInfoExtract": "Extraire",
		"ModInfoNoDescriptionAvailable": "Pas de description disponible",
		"ModInfoProblemTryAgain": "Il y a eu un problème, réessayez",
		// "ModInfoDisableModToDelete": "Disable Mod to Delete",

		// Mod Packs
		"ModPacksHeader": "Packs de Mods",
		"ModPacksSaveEnabledAsNewPack": "Enregistrer les mods activés en un nouveau Pack",
		"ModPacksEnterModPackName": "Entrer le nom du Pack",
		"ModPackViewList": "Voir la liste",
		"ModPackEnableThisList": "Activer cette liste",
		"ModPackEnableOnlyThisList": "Activer uniquement cette liste",
		"ModPackUpdateListWithEnabled": "Mettre à jour la liste en intégrant les Mods actifs",
		"ModPackViewModsInModBrowser": "Voir les Mods dans le navigateur",
		"ModPackModsAvailableStatus": "{0} Total, {1} Activés, {2} Inactifs, {3} Manquants",
		"ModPackModsMissing": "Les Mods suivants n'ont pas été trouvés :\n{0}",
		"ModPackModsContained": "Cette liste contient les Mods suivants :\n{0}",
		"ModPackMissing": " - Manquant",
		"ModPackDisabled": " - Désactivé",
		"ModPackLoadingSpecifiedModPack": "Chargement du Modpack spécifié : {0}",
		"ModPackDoesNotExist": "Le Modpack {0} n'existe pas.",
		"ModPackMalformed": "Le Modpack {0} n'a pas été lu correctement, il pourrait être mal formé. ({1})",

		// ModNet/Multiplayer
		"MPSyncingMods": "Synchronisation des Mods",
		"MPServerModsCantDownload": "Les Mods suivants sont installés sur le serveur mais ne peuvent être installés",
		"MPServerModsCantDownloadReasonSigned": "car vous acceptez uniquement les Mods enregistrés sur le navigateur",
		"MPServerModsCantDownloadReasonAutomaticDownloadDisabled": "car vous avez désactivé le téléchargement automatique des Mods",
		"MPServerModsCantDownloadChangeSettingsHint": "Vous allez devoir changer vos paramètres ou acquérir les Mods par le propriétaire du serveur.",
		"MPShowServerConsoleYes": "Montrer la console du serveur : Oui",
		"MPShowServerConsoleNo": "Montrer la console du serveur : Non",
		"MPErrorModHashMismatch": "Le Hachage ne correspond pas",
		"MPErrorModNotSigned": "Le Mod n'a pas été enregistré par le navigateur",
		"MPErrorModDownloadError": "Une erreur est apparue en téléchargeant {0}",
		"MPPacketTooLarge": "Paquets supérieurs en nombre {0} > {1}",

		// Mod Browser
		"MBDownload": "Télécharger",
		"MBDownloadAll": "Tout télécharger",
		"MBDownloadingMod": "Téléchargement en cours : {0}",
		"MBInstallingMod": "Installation en cours : {0}",
		"MBDownloadFileProblem": "Échec dans la gestion du dossier {0}",
		"MBReleaseFileHandle": "Déblocage de l'indicateur de fichier pour {0}",
		"MBDownloadFinished": "Téléchargement des Mods terminé, retour au navigateur",
		"MBUploadingMod": "Publication : {0}",
		"MBDowngrade": "Régresser",
		"MBUpdate": "Mettre à jour",
		"MBRequiresTMLUpdate": "Requiert {0}",
		"MBClickToUpdate": "Cliquer pour mettre à jour",
		"MBDowngradeWithDependencies": "Régresser avec les dépendances",
		"MBUpdateWithDependencies": "Mettre à jour avec les dépendances",
		"MBDownloadWithDependencies": "Télécharger avec les dépendances",
		"MBUpdateAll": "Tout mettre à jour",
		"MBReloadBrowser": "Relancer le navigateur",
		"MBGettingData": "Obtention des données...",
		"MBPopulatingBrowser": "Remplissage du navigateur...",
		"MBSortByRecentlyUpdated": "Trier par date de mise à jour",
		"MBSortByPopularity": "Trier par popularité",
		"MBSortDownloadDesc": "Trier par ordre décroissant de téléchargements",
		"MBSortDownloadAsc": "Trier par ordre croissant de téléchargements",
		"MBShowAllMods": "Tout montrer",
		"MBShowNotInstalledUpdates": "Montrer uniquement les Mods non-installés ou à mettre à jour",
		"MBShowUpdates": "Montrer uniquement les Mods à mettre à jour",
		// "MBShowInstalled": "Show installed mods",
		"MBShowMSAll": "Tout montrer",
		"MBShowMSBoth": "Montrer uniquement les Mods côté normal",
		"MBShowMSClient": "Montrer uniquement les Mods côté client",
		"MBShowMSServer": "Montrer uniquement les Mods côté serveur",
		"MBShowMSNoSync": "Montrer uniquement les Mods sans sync",
		"MBClearSpecialFilter": "Enlever les filtres spéciaux: {0}",
		"MBOfflineWithReason": "DÉCONNECTÉ ({0})",
		"MBBusy": "Occupé",
		"MBUnknown": "Inconnu",
		"MBOfflineTroubleshooting": "Le navigateur n'est pas atteignable, plusieurs raisons peuvent provoquer cela.\n 1. Vérifiez votre connection Internet.\n 2. Le navigateur est possiblement hors-service. Si il fonctionnait avant, attendez juste quelques heures.\n 3. Double-cliquez ce message pour ouvrir le site Web du navigateur. Vous pouvez aussi utiliser cette méthode pour directement télécharger des Mods. Si ça fonctionne, vous devriez vérifier votre pare-feu pour y autoriser Terraria.exe ou si vous utilisez un VPN, essayez de le désactiver.\n 4. Si le site Web ne fonctionne pas, le serveur du navigateur est probablement bloqué par votre Gouvernement, fournisseur d'accès à Internet, Routeur ou filtre Web. Dans ce cas, vous devez trouver une solution par vous-même.",
		"MBClickToViewDependencyMods": "Cliquer pour voir les dépendances :\n{0}",
		"MBModsNotFoundOnline": "Les Mods suivants n'ont pas été trouvés sur le navigateur : {0}",
		"MBFilterDependencies": "Dépendances",
		"MBFilterModlist": "Liste des Mods",
		"MBExceededBandwidth": "Le serveur du navigateur a dépassé la limite journalière allouée de bande passante. Merci de consulter la page d'accueil du Mod pour un téléchargement alternatif ou de réessayer plus tard.",
		"MBUnknownMBError": "Erreur inconnue du navigateur. Réessayer plus tard.",
		"MBNoModsFound": "Pas de Mods trouvés",
		"MBBrowserError": "Le navigateur a rencontré une erreur.",
		"1SecondAgo": "Il y a 1 seconde",
		"XSecondsAgo": "Il y a {0} secondes",
		"1MinuteAgo": "Il y a 1 minute",
		"XMinutesAgo": "Il y a {0} minutes",
		"1HourAgo": "Il y a 1 heure",
		"XHoursAgo": "Il y a {0} heures",
		"1DayAgo": "Il y a 1 jour",
		"XDaysAgo": "Il y a {0} jours",
		"1MonthAgo": "Il y a 1 mois",
		"XMonthsAgo": "Il y a {0} mois",
		"1YearAgo": "Il y a 1 an",
		"XYearsAgo": "Il y a {0} ans",
		// "MBServerReturnToMenu": "Return to world menu",
		// "MBServerAskForModName": "Type an exact ModName to download: ",
		// "MBServerDownloadError": "Error: Could not download {0} -- {1}",

		// Mod Publishing
		"MBPublishEnterPassphrase": "Merci d'entrer votre mot de passe",
		"MBPublishVisitWebsiteForPassphrase": "Visitez le site Internet pour gérer la phrase codée",
		"MBPublishPastePassphrase": "Coller la phrase codée (ctrl-v)",
		"MBMyPublishedMods": "Mes Mods publiés",
		"MBUnpublish": "Retirer de la publication",
		"MBMyPublishedModsStats": "{0} téléchargements totaux ({1} pour la dernière version version)",
		"EnterSteamID": "Merci d'entrer votre ID Steam",
		"PasteSteamID": "Coller votre ID Steam (ctrl-v)",
		"MBServerResponse": "La réponse du serveur du Navigateur :\n\n{0}",

		// TML Options
		"DownloadFromServersYes": "Télécharger les Mods du serveur : Oui",
		"DownloadFromServersNo": "Télécharger les Mods du serveur : Non",
		"DownloadSignedYes": "Télécharger uniquement les Mods enregistrés du Serveur : Oui",
		"DownloadSignedNo": "Télécharger uniquement les Mods enregistrés du Serveur : Non",
		"MusicStreamModeConvert": "Mode d'émission de la musique : Changer par demande",
		"MusicStreamModeStream": "Mode d'émission de la musique : Emettre du cache",
		"AlwaysLogExceptionsYes": "Créer un rapport pour les erreurs : Oui",
		"AlwaysLogExceptionsNo": "Créer un rapport pour les erreurs : Non",
		"ExperimentalFeaturesYes": "Mode expérimental : Oui",
		"ExperimentalFeaturesNo": "Mode expérimental : Non",
		"RemoveForcedMinimumZoomYes": "Enlever la limite forcée de Zoom Minimum : Oui",
		"RemoveForcedMinimumZoomNo": "Enlever la limite forcée de Zoom Minimum : Non",
		"AllowGreaterResolutionsYes": "Autoriser de plus grandes Résolutions : Oui",
		"AllowGreaterResolutionsNo": "Autoriser de plus grandes Résolutions : Non",
		"ShowMemoryEstimatesYes": "Montrer les estimations de mémoire par Mod : Oui",
		"ShowMemoryEstimatesNo": "Montrer les estimations de mémoire par Mod : Non",
		"ClearMBCredentials": "Réinitialiser les références du navigateur",
		"AutomaticallyEnableNewlyDownloadedModsYes": "Activation automatique des nouveaux mods téléchargés : Oui",
		"AutomaticallyEnableNewlyDownloadedModsNo": "Activation automatique des nouveaux mods téléchargés : Non",
		"AutomaticallyReloadAndEnableModsLeavingModBrowserYes": "Activer et relancer automatiquement les Mods en quittant le navigateur : Oui",
		"AutomaticallyReloadAndEnableModsLeavingModBrowserNo": "Activer et relancer automatiquement les Mods en quittant le navigateur : Non",
		"ReloadModsReminder": "Vous avez mis à jour un Mod. N'oubliez pas de relancer les Mods pour que cela prenne effet.",
		"EnableModsReminder": "Vos Mods téléchargés récemment sont actuallement désactivés. N'oubliez pas de les activer et de les relancer si vous comptez les utiliser.",
		"DontShowAgain": "Ne pas montrer de nouveau",
		"ModControls": "Contrôles pour les Mods",

		// Player and World Select
		"MigratePlayersMessage": "Vous n'avez pas de personnages.\nSi vous voulez migrer vos personnages de Vanilla à tModLoader,\ncopiez les de /Terraria/Players à /Terraria/ModLoader/Players.\nCopiez le document .plr ainsi que le dossier de même nom.\nCliquez ici pour ouvrir ces dossiers.\nAprès avoir copié les personnages voulus, retournez en arrière.",
		"MigratePlayersText": "Cliquer ici pour migrer des personnages...",
		"MigratePlayersException": "Il y a eu un problème pendant la migration des fichiers de personnage",
		"MigrateWorldsMessage": "Vous n'avez pas de mondes.\nSi vous voulez migrer vos mondes de Vanilla à tModLoader,\ncopiez les de /Terraria/Worlds à /Terraria/ModLoader/Worlds.\nCopiez le document .wld.\nCliquez ici pour ouvrir ces dossiers.\nAprès avoir copié les mondes voulus, retournez en arrière.",
		"MigrateWorldsText": "Cliquer ici pour migrer des mondes...",
		"MigratingWorldsText": "Migration en cours...",
		"ModsDifferentSinceLastPlay": "Les Mods suivants sont différents depuis la dernière fois que vous avez joué : ",
		"Missing1Mod": "1 Mod est manquant.",
		"MissingXMods": "{0} Mods sont manquants.",
		"MissingModsListing": "Mods manquants :\n{0}",
		"New1Mod": "1 nouveau Mod.",
		"NewXMods": "{0} nouveaux Mods.",
		"NewModsListing": "Nouveaux Mods :\n{0}",
		"PlayerCustomDataFail": "Un problème a été rencontré pendant le chargement des données personnalisées d'un personnage",
		"PlayerLoadWorldFail": "Un problème a été rencontré pendant le chargement du monde",
		// "CloudWarning": "Cloud storage limit reached, unable to move to cloud",

		// Mod Sources
		"MSBuild": "Compiler",
		"MSBuildReload": "Compiler + Relancer",
		"MSBuildAll": "Tout compiler",
		"MSBuildReloadAll": "Tout compiler + Tout relancer",
		"MSUpgradeCSProj": "Mettre à jour le fichier .csproj",
		"MSOpenSources": "Dossier des sources",
		"MSManagePublished": "Gérer les publications",
		"MSPublish": "Publier",
		"MSModSourcesCantHaveSpaces": "(Les noms de dossiers de Mods sources ne peuvent pas avoir d'espace)",
		"MSCreateMod": "Créer un Mod",

		// Developer Mode UI
		"DMModCompileMissing": "Des bibliothèques logicielles supplémentaires sont requises pour compiler des Mods. (Dossier ModCompile manquant)",
		"DMModCompileUpdate": "La version du dossier ModCompile ne correspond pas. Terraria : {0}, ModCompile : {1}",
		"DMModCompileDev": "Utilisez l'outil de configuration de développement pout tModLoader afin de générer/mettre à jour le dossier ModCompile (SetupDebugging).\nSinon recompilez {0}",
		"DMModCompileSatisfied": "Dossier ModCompile à jour.",
		"DMDotNetSatisfied": "{0} est installé",
		"DMDotNetUpdateRequired": "La version de .NET Framework {0} ou plus est requise pour compiler des Mods. Merci de télécharger la plus récente version de .NET Framework.",
		"DMMonoUpdateRequired": "La version de Mono {0} ou plus est requise pour compiler des Mods. Merci d'installer la plus récente version de Mono.",
		"DMMonoRuntimeRequired": "Terraria doit être lancé avec la version de Mono {0} ou plus pour compiler des Mods. Merci de mettre à jour vos scripts de démarrage.",
		"DMReferenceAssembliesMissing": "Les .NET 4.5 Reference Assemblies n'ont pas été trouvées. Merci d'installer Visual Studio avec le .NET 4.5 Targeting pack.",
		"DMReferenceAssembliesMissingMono": "Les .NET 4.5 Reference Assemblies n'ont pas été trouvées. Merci de vérifier que votre installation de Mono possède {0}",
		"DMReferenceAssembliesSatisfied": "Prêt à compiler avec .NET 4.5",
		"DMReferenceAssembliesDownload": "Cliquer pour télécharger uniquement le Targeting pack (déconseillé)",
		"DMVisualStudio": "Visual Studio",
		"DMTutorialWelcome": "Bienvenue pour créer des Mods avec tModLoader. Allez voir le Wiki pour plus d'informations et tutoriels.",
		"DMTutorial": "Tutoriel",
		"DMUpdateScripts": "Mettre à jour les scripts",
		"DMScriptsRequireRestart": "Les scripts de démarrage ont été mis à jour et requièrent le redémarrage de tModLoader.",
		"DMUpdateMonoToDownloadModCompile": "Des bibliothèques logicielles supplémentaires peuvent être téléchargées directement de github en utilisant une version à jour de Mono.",

		// Extract Mod
		"ExtractErrorWhileExtractingMod": "Une erreur est apparue en extrayant {0}",
		"ExtractHideCodeMessage": "Le Moddeur a choisi de cacher son code source de tModReader.",
		"ExtractNoSourceCodeMessage": "Le Moddeur n'a pas choisi d'inclure son code source.",
		"ExtractHideResourcesMessage": "Le Moddeur a choisi de cacher ses ressources (ex: images) de tModReader.",
		"ExtractFileListing": "Dossiers :",

		// Mod Commands
		"CommandModListDescription": "Affiche une liste des Mods actifs.",
		"CommandModListServerMods": "Mods du serveur :",
		"CommandModListSyncedMods": "Mods sync :",
		"CommandModListClientMods": "Mods du client :",
		"CommandModListModlist": "Liste des Mods :",

		// Mod Building
		"Building": "Construction : {0}",
		"ReadingProperties": "Lecture des propriétés : {0}",
		"Compiling": "Compilation : {0}",
		"CompilationResult": "Compilation terminée avec {0} erreurs et {1} avertissements",
		"LoadingPrecompiled": "Chargement précompilé de {0} venant de {1}",
		"EnabledEAC": "Chemin d'accès pour modifier et continuer : {0}",
		"Packaging": "Conditionnement : {0}",
		// There should be ModName after ':'
		"MSFinding": "Listage des Mods...",
		"MSInstantiating": "Instanciation des Mods...",
		"MSSandboxing": "Compatibilisation : {0}",
		"MSIntializing": "Initialisation : {0}",
		"MSLoading": "Lancement du Mod : {0}",
		// "MSUnloading": "Unloading: {0}",
		"MSFinishingResourceLoading": "Finalisation du chargement des ressources",
		"MSSettingUp": "Installation...",
		"MSAddingRecipes": "Ajout des recettes d'artisanat...",
		"AddingModContent": "Ajout de contenu de mod...",

		// Mod Loader Mod
		"StartBagTooltip": "Votre inventaire ne contenait pas assez de place pour certains objets de départ",
		"StartBagItemName": "Sac de Départ",
		"UnloadedItemItemName": "Objet désactivé",
		"UnloadedItemModTooltip": "Mod : {0}",
		"UnloadedItemItemNameTooltip": "Objet : {0}",
		"AprilFoolsJoke": "Poisson D'Avril",
		"DefaultTownNPCName": "Sans-Nom",
		"DefaultTownNPCChat": "Mon Moddeur a oublié de me donner un message de dialogue.",
		"DefaultNurseCantHealChat": "Je ne sais pas pourquoi je ne peux pas vous soigner, le Moddeur a oublié de me donner un message de dialogue.",

		// Extra mouse buttons
		"MouseMiddle": "Bouton central",
		"MouseXButton1": "Bouton 4",
		"MouseXButton2": "Bouton 5",

		// Misc
		"OK": "OK",
		"Continue": "Continuer",
		"PatreonSetTooltip": "Merci pour votre contribution!",
		"WorldGenError": "Un problème a été rencontré pendant la génération du monde",
		"WorldIODataException": "Le jeu a rencontré un problème de données de Mod pour un monde.",
		"ServerCrash": "Crash du serveur : {0}\n{1}\n\nMerci de vérifier le server.log pour déterminer si un mod est fautif, sinon rendez vous dans le canal de chat #support du Discord de tModLoader"

		// MessageBox
		// "ContentFolderNotFound": "Terraria Content folder not found. If you installed tModLoader through Steam, make sure that Terraria is installed. If not, make sure to install tModLoader in a folder nested within the Terraria install directory or a folder next to the Terraria install directory.",
		// "MissingServerExecutable": "Looks like you didn't do a complete install. You are missing tModLoaderServer.exe. Check your install directory and read the install directions.",
		// "GraphicsEngineFailure": "Graphics Engine Failure",
		// "GraphicsEngineReportUnknown": "Unknown",
		// "GraphicsEngineReportFailure": "Failure",
		// "GraphicsEngineFailureMessage": "tML encountered a crash when testing some experimental graphics features. If this issue persists consistently, you may have to edit config.json and set the Support4K setting to false. \nPlease restart your game.\nReport Status: {0}",
		// "OutOfMemory": "Game ran out of memory. You'll have to find which mod is consuming lots of memory, and contact the devs or remove it.",
		// "ContentFolderNotFoundInstallCheck": "{0} directory could not be found.\r\n\r\nDid you forget to extract tModLoader's Content directory into the tModLoader folder?\r\n\r\nEnsure tModLoader is installed in a separate folder from Terraria.",
		// "VanillaSteamInstallationNotFound": "Terraria Steam installation or Terraria Content directory not found.\r\n\r\nPlease ensure Terraria 1.4 is installed through Steam.",
		// "SteamAPIHashMismatch": "Steam API hash mismatch, assumed pirated.\n\ntModLoader requires a legitimate Terraria install to work.",
		// "VanillaGOGNotFound": "{0} could not be found.\r\n\r\nGOG installs must have the unmodified Terraria executable to function. This version of tModLoader expects the {1} version of Terraria, you may need to downgrade or upgrade Terraria via GOG Galaxy, or wait for tModLoader to update.",
		// "GOGHashMismatch": "{0} is not the unmodified Terraria executable.\r\n\r\nGOG installs must have the unmodified Terraria executable to function.\r\n\r\nIf you patched the .exe, you can create a copy of the original exe and name it \"Terraria_v<VERSION>.exe\"",
		// "DefaultExtraMessage": "Please restore your Terraria install, then install tModLoader on Steam or by following the README.txt instructions for manual installation.",
		// "ClientLogHint": "{0}\n\nA client.log file containing error information has been generated in\n{1}\n(You will need to share this file if asking for help)",
		// "OutOfMemoryHint": "\n\nTip: Try running less mods at once, or determine if a mod is taking up too much memory. Optionally, install 64-bit tModLoader",
		// "ModExceptionHint": "\n\nTip: This is likely a mod's fault. Disable mods one by one and check if the issue persists",
		// "OneDriveHint": "\n\nTip: Try installing/enabling OneDrive. Right click your Documents folder and enable \"Always save on this device\"",
		// "AntivirusHint": "\n\nTip: If you have an antivirus, try adding Terraria to its whitelist/exclusion list",
		// "TypeInitializationHint": "\n\nTip: Restart the game. If this issue persists, try uninstalling Terraria completely, then reinstalling through Steam, and then reinstalling tModLoader"
	},
	"CommonItemTooltip": {
		"PercentIncreasedDamage": "+{0} % de dégâts"
	}
}
