{
	"tModLoader": {
		// Main Menu
		"PatreonSupport": "Por favor, mostre-nos o seu apoio: ",
		"MenuModBrowser": "Navegador de Mods",
		"MenuMods": "Mods",
		"MenuModSources": "Fontes de Mods",
		"MenuEnableDeveloperMode": "Habilitar Modo Desenvolvedor",
		"FirstLaunchWelcomeMessage": "Bem-vindo ao tModLoader.\n\nVocê instalou com sucesso o tModLoader. Use o menu Navegador de Mods para encontrar mods que você deseja baixar. Use o menu Mods para alterar quais mods estão ativos no momento. Depois de alterar os mods, certifique-se de clicar no botão Recarregar Mods para recarregá-los.",
		"tModLoaderSettings": "Configurações do tModLoader",

		// Mods Menu
		"ModsModsList": "Lista de Mods",
		"ModsEnableAll": "Ativar Todos",
		"ModsDisableAll": "Desativar Todos",
		"ModsReloadMods": "Recarregar Mods",
		"ModsOpenModsFolder": "Abrir Pasta de Mods",
		"ModsModPacks": "Pacotes de Mods",
		"ModsDisable": "Desativar",
		"ModsEnable": "Ativar",
		"ModsOpenConfig": "Clique para abrir a configuração",
		"ModOldWarning": "Mod antigo, habilite-o por sua conta e risco",
		"ModDependencyClickTooltip": "Esse mod depende de: {0}\n (clique para habilitar)",
		"ModDependencyClickTooltipMore": "Esse mod depende de: {0}\n...e {1} outros mods\n (clique para habilitar)",
		"ModDependencyModsNotFound": "Os mods a seguir não foram encontrados: {0}",
		"ModDidNotFullyUnloadWarning": "Esse mod não descarregou corretamente durante o último descarregamento.\n(Essa é uma mensagem para o criador do mod)",
		"BetaModCantPublish": "Esse mod foi construído na versão beta e não pode ser publicado",
		"BetaModCantPublishError": "Você não pode publicar um Mod construído em uma versão Beta do tModLoader",
		"OutdatedModCantPublishError": "Você não pode publicar um Mod construído em uma versão antiga do tModLoader",
		"ModReloadRequired": "Recarregamento Necessário",
		"ModReloadForced": "Recarregamento Forçado",
		"ModIsServerSide": "Esse é um mod do lado do servidor",
		"ModsByline": "Por: {0}",
		"ModsMoreInfo": "Mais informações",
		"ModsOriginatedFromModBrowser": "Esse mod se originou do Navegador de Mods",
		"ModsTypeToSearch": "Digite p/ pesquisar",
		"ModsSearchByModName": "Pesquisar por nome de Mods",
		"ModsSearchByAuthor": "Pesquisar por nome de Autores",
		"ModsSortRecently": "Ordenar por recentemente mudado",
		"ModsSortNamesAlph": "Ordenar nomes de mods alfabeticamente",
		"ModsSortNamesReverseAlph": "Ordenar nomes de mods reverso-alfabeticamente",
		"ModsShowAllMods": "Mostrar todos os mods",
		"ModsShowEnabledMods": "Mostrar apenas mods ativados",
		"ModsShowDisabledMods": "Mostrar apenas mods desativados",
		"ModsXItems": "{0} itens",
		"ModsXNPCs": "{0} NPCs",
		"ModsXTiles": "{0} peças",
		"ModsXWalls": "{0} paredes",
		"ModsXBuffs": "{0} efeitos",
		"ModsXMounts": "{0} montarias",
		"ModsReloadAndReturn": "Recarregar e retornar ao menu de mundos",
		"ModsNotFoundServer": "Nenhum mod foi encontrado em: \"{0}\"\nSe você estiver executando um servidor dedicado, você pode querer usar a opção de linha de comando 'modpath' ou a configuração de config do servidor para especificar uma pasta de mods customizada.\n",
		"AskForModIndex": "Digite um número para alterar entre habilitado/desabilitado",
		"AskForCommand": "Digite um comando: ",

		// Mod Errors
		"LoadError": "Ocorreu um erro ao carregar {0}",
		"LoadErrorDisabled": "O(s) mod(s) foi(ram) desabilitado(s) automaticamente.",
		"LoadErrorCulpritUnknown": "O mod responsável é desconhecido e o tModLoader deve ser reiniciado.",
		"LoadErrorVersionMessage": "Foi detectado que esse mod foi desenvolvido para o tModLoader v{0}\nNo entanto, você está usando {1}",
		"LoadErrorDotNet45Required": ".NET Framework 4.5 ou mais recente é necessário para usar mods. Por favor, baixe o .NET Framework mais recente.",
		"LoadErrorDependencyMissing": "Mod não encontrado: {0} necessário por {1}",
		"LoadErrorErrorReadingModFile": "Erro ao ler o arquivo de mod {0}",
		"LoadErrorHashMismatchCorrupted": "Hash incompatível, o blob de dados foi modificado ou corrompido",
		"LoadErrorDependencyVersionTooLow": "{0} requer a versão {1} de {2} mas a versão {3} está instalada",
		"LoadErrorMajorVersionMismatch": "{0} destina-se à versão {1} de {2}, mas você possui uma versão principal mais recente ({3}) que pode não ser compatível. {0} deve ser atualizado.",
		"LoadWarningBannerOrBannerItemNotSet": "{0}: {1}. Você definiu ModNPC.banner ou ModNPC.bannerItem, mas não o outro. Certifique-se de definir ambos, verificar a ortografia e de que o item existe se você estiver usando mod.ItemType(). Relate isso aos desenvolvedores do {0}.",
		"UnloadError": "Um ou mais erros ocorreram durante o descarregamento e o tModLoader deve ser reiniciado para evitar mais problemas.",
		"DefensiveUnload": "{0} não conseguiu descarregar corretamente. Desenvolvedores de mods devem usar uma programação defensiva para garantir que o descarregamento seja concluído, independentemente de quaisquer erros durante o carregamento.",
		"BuildError": "Ocorreu um erro durante a construção de {0}",
		"CompileError": "A compilação de {0} falhou com {1} erros e {2} avisos",
		"BuildErrorModNameEmpty": "Mods devem ter algo em seus nomes",
		"BuildErrorModNamedTerraria": "Nomes de mods não podem ser chamados de Terraria",
		"BuildErrorModNameHasPeriod": "O nome interno de um mod não pode conter um ponto final",
		"BuildErrorTwoModsSameName": "Dois mods compartilham o nome interno {0}",
		"BuildErrorModReference": "Falha ao ler a referência do mod {0}",
		"BuildErrorMissingNoCompile": "Arquivos dll ausentes para noCompile: {0} ou {1}\n\nAll.dll não deve ter nenhuma referência a Microsoft.Xna.Framework ou FNA\nXNA.dll XNA.dll deve fazer referência ao tModLoader.exe e framework apropriados",
		"BuildErrorModNameDoesntMatchAssemblyName": "O nome do mod {0} não corresponde ao nome da assembly {1}",
		"BuildErrorNamespaceFolderDontMatch": "O namespace e o nome da pasta não coincidem. O namespace de nível superior deve corresponder ao nome da pasta.",
		"BuildErrorNoModClass": "Certifique-se de ter exatamente uma classe que estende o Mod.",
		"BuildErrorLoadingPrecompiled": "Falha ao carregar pré-compilado: {0}",
		"BuildErrorFailedLoadBuildTxt": "Falha ao carregar {0}",
		"BuildWarningEACWindowsOnly": "Editar e continuar só é compatível com o Windows.",
		"LoadErrorTextureFailedToLoad": "O arquivo de textura em {0} falhou ao carregar",
		"LoadErrorWavSoundFailedToLoad": "O arquivo de som wav em {0} falhou ao carregar",
		"LoadErrorMP3SoundFailedToLoad": "O arquivo de som mp3 em {0} falhou ao carregar",
		"LoadErrorSoundFailedToLoadAudioDeviceHint": "(Tente se certificar de que seu computador tem alto-falantes conectados e dispositivos de áudio ativados)",
		"LoadErrorFontFailedToLoad": "O arquivo de fonte em {0} falhou ao carregar",
		"LoadErrorEffectFailedToLoad": "O arquivo de efeito em {0} falhou ao carregar",
		"LoadErrorUnknownXNBFileHint": "Arquivo xnb {0} desconhecido. Talvez ele deva estar em Fonts/ ou Effects/",
		"LoadErrorCannotLoadCompressedEffects": "Não é possível carregar efeitos compactados.",
		"LoadErrorAddItemOnlyInLoad": "AddItem só pode ser chamado de Mod.Load ou Mod.Autoload",
		"LoadError2ModItemSameName": "Você tentou adicionar 2 ModItems com o mesmo nome: {0}. Talvez 2 classes compartilhem um nome de classe mas em namespaces diferentes durante o carregamento automático ou você chamou AddItem manualmente com 2 itens com o mesmo nome.",
		"LoadErrorResourceNotFoundPathHint": "Recurso esperado não encontrado:\n    {0}\nEstimativa mais próxima: (Há um erro de ortografia ou de posicionamento da pasta?)\n    {1}",
		"RuntimeErrorSilentlyCaughtException": "Exceção Detectada Silenciosamente: ",
		"RuntimeErrorSeeLogsForFullTrace": "(veja {0} para o rastreamento completo)",
		"OpenLogs": "Abrir os Logs",
		"OpenWebHelp": "Abrir Ajuda na Web",
		"SkipToMainMenu": "Pular o Carregamento de Mods",
		"Retry": "Tentar Novamente",
		"Exit": "Sair",
		"ExitAndDisableAll": "Sair e Desabilitar Todos",

		// Mod Info
		"ModInfoHeader": "Informações do Mod: ",
		"ModInfoVisitHomepage": "Visite a página inicial do Mod para obter ainda mais informações",
		"ModInfoExtract": "Extrair",
		"ModInfoNoDescriptionAvailable": "Descrição não disponível",
		"ModInfoProblemTryAgain": "Ocorreu um problema, tente novamente",
		"ModInfoDisableModToDelete": "Desabilite o Mod para Excluir",

		// Mod Packs
		"ModPacksHeader": "Pacotes de Mods",
		"ModPacksSaveEnabledAsNewPack": "Salvar Habilitados como um Novo Pacote de Mods",
		"ModPacksEnterModPackName": "Insira o nome do Pacote de Mods",
		"ModPackViewList": "Ver Lista",
		"ModPackEnableThisList": "Habilitar essa Lista",
		"ModPackEnableOnlyThisList": "Habilitar apenas essa Lista",
		"ModPackUpdateListWithEnabled": "Atualizar Lista com Habilitados",
		"ModPackViewModsInModBrowser": "Ver Mods no Navegador de Mods",
		"ModPackModsAvailableStatus": "{0} no Total, {1} Habilitados, {2} Desabilitados, {3} Não Encontrados",
		"ModPackModsMissing": "Os seguintes mods não foram encontrados:\n{0}",
		"ModPackModsContained": "Essa lista contém os seguintes mods:\n{0}",
		"ModPackMissing": " - Não Encontrado",
		"ModPackDisabled": " - Desabilitado",
		"ModPackLoadingSpecifiedModPack": "Carregando pacote de mods especificado: {0}",
		"ModPackDoesNotExist": "O pacote de mods {0} não existe.",
		"ModPackMalformed": "O pacote de mods {0} não foi lido corretamente, ele pode estar malformado.",

		// ModNet/Multiplayer
		"MPSyncingMods": "Sincronizando Mods",
		"MPServerModsCantDownload": "Os seguintes mods estão instalados no servidor, mas não podem ser baixados",
		"MPServerModsCantDownloadReasonSigned": "porque você só aceita mods assinados pelo Navegador de Mods",
		"MPServerModsCantDownloadReasonAutomaticDownloadDisabled": "porque você desativou o download automático de mods",
		"MPServerModsCantDownloadChangeSettingsHint": "Você precisará alterar suas configurações ou adquirir os mods do proprietário do servidor.",
		"MPShowServerConsoleYes": "Mostrar Console do Servidor: Ligado",
		"MPShowServerConsoleNo": "Mostrar Console do Servidor: Desligado",
		"MPErrorModHashMismatch": "Hash incompatível",
		"MPErrorModNotSigned": "O mod não foi assinado pelo Navegador de Mods",
		"MPErrorModDownloadError": "Ocorreu um erro ao baixar {0}",
		"MPPacketTooLarge": "Pacote muito grande {0} > {1}",

		// Mod Browser
		"MBDownload": "Baixar",
		"MBDownloadAll": "Baixar Todos",
		"MBDownloadingMod": "Baixando: {0}",
		"MBInstallingMod": "Instalando: {0}",
		"MBDownloadFileProblem": "Falha ao identificar {0}",
		"MBReleaseFileHandle": "Liberando identificador de arquivo para {0}",
		"MBDownloadFinished": "Download de mods concluído, retornando ao navegador",
		"MBUploadingMod": "Enviando: {0}",
		"MBDowngrade": "Desatualizar",
		"MBUpdate": "Atualizar",
		"MBRequiresTMLUpdate": "Requer {0}",
		"MBClickToUpdate": "Clique para atualizar",
		"MBDowngradeWithDependencies": "Desatualizar com dependências",
		"MBUpdateWithDependencies": "Atualizar com dependências",
		"MBDownloadWithDependencies": "Baixar com dependências",
		"MBUpdateAll": "Atualizar Todos",
		"MBReloadBrowser": "Recarregar navegador",
		"MBGettingData": "Obtendo dados...",
		"MBPopulatingBrowser": "Preenchendo o navegador...",
		"MBSortByRecentlyUpdated": "Ordenar por recentemente atualizados",
		"MBSortByPopularity": "Ordenar por popularidade",
		"MBSortDownloadDesc": "Ordenar por núm. de downloads (decrescente)",
		"MBSortDownloadAsc": "Ordenar por núm. de downloads (crescente)",
		"MBShowAllMods": "Mostrar todos os mods",
		"MBShowNotInstalledUpdates": "Mostrar mods não instalados e atualizações",
		"MBShowUpdates": "Mostrar apenas atualizações",
		"MBShowInstalled": "Mostrar mods instalados",
		"MBShowMSAll": "Mostrar todos os mods",
		"MBShowMSBoth": "Mostrar apenas mods do lado normal",
		"MBShowMSClient": "Mostrar apenas mods do lado do cliente",
		"MBShowMSServer": "Mostrar apenas mods do lado do servidor",
		"MBShowMSNoSync": "Mostrar apenas mods sem sincronização",
		"MBClearSpecialFilter": "Limpar Filtro Especial: {0}",
		"MBOfflineWithReason": "Offline ({0})",
		"MBBusy": "Ocupado",
		"MBUnknown": "Desconhecido",
		"MBOfflineTroubleshooting": "O Navegador de Mods não pode ser acessado, isso pode ser devido a vários motivos.\n 1. Verifique sua conexão com a internet.\n 2. O Navegador de Mods pode estar offline. Se ele funcionava antes, espere algumas horas.\n 3. Clique duas vezes nesta mensagem para abrir o site do Navegador de Mods. Você pode usar isso para baixar manualmente os mods. Se isso funcionar, você deve verificar seu firewall para permitir a passagem de Terraria.exe ou tentar desabilitar sua VPN, se estiver usando uma.\n 4. Se esse site não funcionar, o servidor do Navegador de Mods pode estar bloqueado pelo seu governo, serviço de Provedor de Internet, Roteador ou Filtro da Web. Se for esse o caso, você precisará descobrir por conta própria.",
		"MBClickToViewDependencyMods": "Clique para ver a dependência de mods:\n{0}",
		"MBModsNotFoundOnline": "Os seguintes mods não foram encontrados no Navegador de Mods: {0}",
		"MBFilterDependencies": "Dependências",
		"MBFilterModlist": "Lista de Mods",
		"MBExceededBandwidth": "O servidor do Navegador de Mods excedeu sua cota diária de largura de banda. Consulte a página inicial deste mod para um download alternativo ou tente novamente mais tarde.",
		"MBUnknownMBError": "Erro desconhecido do Navegador do Mods. Tente novamente mais tarde.",
		"MBNoModsFound": "Nenhum mod encontrado",
		"MBBrowserError": "O Navegador de Mods encontrou um erro.",
		"1SecondAgo": "1 segundo atrás",
		"XSecondsAgo": "{0} segundos atrás",
		"1MinuteAgo": "1 minuto atrás",
		"XMinutesAgo": "{0} minutos atrás",
		"1HourAgo": "1 hora atrás",
		"XHoursAgo": "{0} horas atrás",
		"1DayAgo": "1 dia atrás",
		"XDaysAgo": "{0} dias atrás",
		"1MonthAgo": "1 mês atrás",
		"XMonthsAgo": "{0} meses atrás",
		"1YearAgo": "1 ano atrás",
		"XYearsAgo": "{0} anos atrás",
		"MBServerReturnToMenu": "Retornar ao menu de mundos",
		"MBServerAskForModName": "Digite um ModName exato para baixar: ",
		"MBServerDownloadError": "Erro: Não foi possível baixar {0} -- {1}",

		// Mod Publishing
		"MBPublishEnterPassphrase": "Porfavor Insira o seu Passcode",
		"MBPublishVisitWebsiteForPassphrase": "Visite o Sire para Gerar uma Passphrase",
		"MBPublishPastePassphrase": "Colar Passphrase (ctrl-v)",
		"MBMyPublishedMods": "Meus Mods Publicados",
		"MBUnpublish": "Cancelar Publicação",
		"MBMyPublishedModsStats": "{0} downloads ({1} na versão mais recente)",
		"EnterSteamID": "Porfavor Insira o Seu SteamID",
		"PasteSteamID": "Colar SteamID (ctrl-v)",
		"MBServerResponse": "A resposta do servidor do Navegador de Mods:\n\n{0}",

		// TML Options
		"DownloadFromServersYes": "Baixar Mods de Servidores: Ligado",
		"DownloadFromServersNo": "Baixar Mods de Servidores: Desligado",
		"DownloadSignedYes": "Baixar Somente Mods Assinados de Servidores: Ligado",
		"DownloadSignedNo": "Baixar Somente Mods Assinados de Servidores: Desligado",
		"MusicStreamModeConvert": "Modo de Transmissão de Música: Converter em Demanda",
		"MusicStreamModeStream": "Modo de Transmissão de Música: Transmitir do Cache",
		"AlwaysLogExceptionsYes": "Sempre Registrar Exceções: Ligado",
		"AlwaysLogExceptionsNo": "Sempre Registrar Exceções: Desligado",
		"ExperimentalFeaturesYes": "Funções Experimentais: Ligado",
		"ExperimentalFeaturesNo": "Funções Experimentais: Desligado",
		"RemoveForcedMinimumZoomYes": "Remover o Zoom Mínimo Forçado: Ligado",
		"RemoveForcedMinimumZoomNo": "Remover o Zoom Mínimo Forçado: Desligado",
		"AllowGreaterResolutionsYes": "Permitir Resoluções Maiores: Ligado",
		"AllowGreaterResolutionsNo": "Permitir Resoluções Maiores: Desligado",
		"ShowMemoryEstimatesYes": "Mostrar Estimativas de Memória de Mods: Ligado",
		"ShowMemoryEstimatesNo": "Mostrar Estimativas de Memória de Mods: Desligado",
		"ClearMBCredentials": "Limpar credenciais do Navegador de Mods",
		"AutomaticallyEnableNewlyDownloadedModsYes": "Mods recém-baixados ativados automaticamente: Ligado",
		"AutomaticallyEnableNewlyDownloadedModsNo": "Mods recém-baixados ativados automaticamente: Desligado",
		"AutomaticallyReloadAndEnableModsLeavingModBrowserYes": "Ativar e recarregar mods automaticamente ao sair do Navegador de Mods: Ligado",
		"AutomaticallyReloadAndEnableModsLeavingModBrowserNo": "Ativar e recarregar mods automaticamente ao sair do Navegador de Mods: Desligado",
		"ReloadModsReminder": "Você atualizou um mod desativado. Lembre-se de habilitá-lo e recarregar os mods para que tenha efeito.",
		"EnableModsReminder": "Seus mods baixados recentemente estão desabilitados. Lembre-se de habilitá-los e recarregar se você pretende usá-los.",
		"DontShowAgain": "Não mostrar novamente",
		"ModControls": "Controles de Mod",

		// Player and World Select
		"MigratePlayersMessage": "Você não tem jogadores.\nSe você gostaria de migrar seus jogadores do vanilla para o tModLoader,\npor favor copie-os de /Terraria/Players para /Terraria/ModLoader/Players.\nCopie o arquivo .plr e a pasta com o mesmo nome.\nClique em mim para abrir essas pastas.\nDepois de copiar os jogadores que deseja, pressione voltar.",
		"MigratePlayersText": "Clique aqui para migrar jogadores...",
		"MigratePlayersException": "Ocorreu um problema ao tentar migrar os arquivos de Jogador",
		"MigrateWorldsMessage": "Você não tem mundos.\nSe você gostaria de migrar os seus mundos do vanilla para o tModLoader,\nvocê pode apertar o botão migrar para fazer isso automaticamente.\nAlternativamente, você pode copiar eles de \n /Terraria/Worlds\npara\n/Terraria/ModLoader/Worlds manualmente.\nCopie o arquivo .wld.\nClique neste texto para abrir essas pastas.\nDepois de copiar os mundos que você deseja, pressione voltar.",
		"MigrateWorldsText": "CClique aqui para migrar mundos...",
		"MigratingWorldsText": "Migrando...",
		"ModsDifferentSinceLastPlay": "Os seguintes mods são diferentes desde a última vez que você jogou: ",
		"Missing1Mod": "1 mod não foi encontrado.",
		"MissingXMods": "{0} mods não foram encontrados.",
		"MissingModsListing": "Mods não encontrados:\n{0}",
		"New1Mod": "1 novo mod.",
		"NewXMods": "{0} novos mods.",
		"NewModsListing": "Novos mods:\n{0}",
		"PlayerCustomDataFail": "Foi encontrado um problema ao carregar dados personalizados para um jogador",
		"PlayerLoadWorldFail": "Foi encontrado um problema ao tentar carregar um mundo",
		"CloudWarning": "Limite de armazenamento na nuvem atingido, não é possível mover para a nuvem",

		// Mod Sources
		"MSBuild": "Construir",
		"MSBuildReload": "Construir + Recarregar",
		"MSBuildAll": "Construir Todos",
		"MSBuildReloadAll": "Construir + Recarregar Todos",
		"MSUpgradeCSProj": "Atualizar o arquivo .csproj",
		"MSOpenSources": "Abrir fontes",
		"MSManagePublished": "Gerenciar Publicados",
		"MSPublish": "Publicar",
		"MSModSourcesCantHaveSpaces": "(Pastas de Fontes de Mod não podem ter espaços)",
		"MSCreateMod": "Criar Mod",

		// Developer Mode UI
		"DMModCompileMissing": "Bibliotecas extras são necessárias para construir mods. (Pasta ModCompile não encontrada)",
		"DMModCompileUpdate": "Incompatibilidade de versão da pasta ModCompile. Terraria: {0}, ModCompile: {1}",
		"DMModCompileDev": "Use a ferramenta de configuração de desenvolvimento tModLoader para gerar/atualizar a pasta ModCompile (SetupDebugging).\nCaso contrário, reconstrua {0}",
		"DMModCompileSatisfied": "Pasta ModCompile atualizada.",
		"DMDotNetSatisfied": "{0} está instalado",
		"DMDotNetUpdateRequired": ".NET Framework {0} ou mais recente é necessário para construir mods. Por favor, baixe o .NET Framework mais recente.",
		"DMMonoUpdateRequired": "Mono {0} ou mais recente é necessário para construir mods. Por favor, instale o Mono mais recente.",
		"DMMonoRuntimeRequired": "Terraria deve ser aberto com Mono {0} ou mais recente para construir mods. Por favor atualize seus scripts de inicialização.",
		"DMReferenceAssembliesMissing": "Assemblies de Referência do .NET 4.5 não encontradas. Por favor instale o Visual Studio com o .NET 4.5 Targetting pack.",
		"DMReferenceAssembliesMissingMono": "Assemblies de Referência do .NET 4.5 não encontradas. Certifique-se de que sua instalação de mono contém {0}",
		"DMReferenceAssembliesSatisfied": "Pronto para compliar o targetting .NET 4.5",
		"DMReferenceAssembliesDownload": "Clique para baixar apenas o targetting pack (não recomendado)",
		"DMVisualStudio": "Visual Studio",
		"DMTutorialWelcome": "Bem-vindo ao desenvolvimento de mods com o tModLoader. Confira a Wiki para mais informações e tutoriais.",
		"DMTutorial": "Tutorial",
		"DMUpdateScripts": "Atualizar Scripts",
		"DMScriptsRequireRestart": "Os scripts de inicialização foram atualizados e requerem que o tModLoader seja reiniciado.",
		"DMUpdateMonoToDownloadModCompile": "Bibliotecas extras podem ser baixadas do github ao rodar em uma versão atualizada do Mono.",

		// Extract Mod
		"ExtractErrorWhileExtractingMod": "Ocorreu um erro ao extrair {0}",
		"ExtractHideCodeMessage": "O desenvolvedor do mod optou por esconder o código do tModReader.",
		"ExtractNoSourceCodeMessage": "O desenvolvedor do mod optou por não incluir o seu código fonte.",
		"ExtractHideResourcesMessage": "O desenvolvedor do mod optou por esconder recursos (ex. imagens) do tModReader.",
		"ExtractFileListing": "Arquivos:",

		// Mod Commands
		"CommandModListDescription": "Exibe uma lista de mods carregados.",
		"CommandModListServerMods": "Mods do Servidor:",
		"CommandModListSyncedMods": "Mods Sincronizados:",
		"CommandModListClientMods": "Mods do Cliente:",
		"CommandModListModlist": "Lista de Mods:",

		// Mod Building
		"Building": "Construindo: {0}",
		"ReadingProperties": "Lendo propriedades...: {0}",
		"Compiling": "Compilando {0}",
		"CompilationResult": "A compilação terminou com {0} erros e {1} avisos",
		"LoadingPrecompiled": "Carregando pré-compilado {0} de {1}",
		"EnabledEAC": "Caminho do editar e continuar: {0}",
		"Packaging": "Empacotando: {0}",
		// There should be ModName after ':'
		"MSFinding": "Encontrando Mods...",
		"MSInstantiating": "Instanciando Mods...",
		"MSSandboxing": "Fazendo uma Sandbox: {0}",
		"MSIntializing": "Inicializando: {0}",
		"MSLoading": "Carregando: {0}",
		"MSUnloading": "Descarregando: {0}",
		"MSFinishingResourceLoading": "Terminando o Carregamento de Recursos",
		"MSSettingUp": "Configurando...",
		"MSAddingRecipes": "Adicionando Receitas...",
		"AddingModContent": "Adicionando conteúdo de mod...",

		// Mod Loader Mod
		"StartBagTooltip": "Alguns itens iniciais não cabem em seu inventário",
		"StartBagItemName": "Bolsa Iniciante",
		"UnloadedItemItemName": "Item Descarregado",
		"UnloadedItemModTooltip": "Mod: {0}",
		"UnloadedItemItemNameTooltip": "Item: {0}",
		"AprilFoolsJoke": "Piada de 1° de Abril",
		"DefaultTownNPCName": "Sem Nome",
		"DefaultTownNPCChat": "Meu desenvolvedor de mod se esqueceu de me dar uma mensagem de bate-papo.",
		"DefaultNurseCantHealChat": "Não sei por que não posso curar você, o meu desenvolvedor de mod se esqueceu de me dar uma mensagem de bate-papo.",

		// Extra mouse buttons
		"MouseMiddle": "Meio do Mouse",
		"MouseXButton1": "Mouse 4",
		"MouseXButton2": "Mouse 5",

		// Misc
		"OK": "OK",
		"Continue": "Continuar",
		"PatreonSetTooltip": "Obrigado pelo seu apoio!",
		"WorldGenError": "Um problema foi encontrado durante a geração do mundo",
		"WorldIODataException": "O jogo encontrou um problema de dados mod para um mundo.",
		"ServerCrash": "Falha do servidor: {0}\n{1}\n\nVerifique o server.log para determinar se um mod é o responsável, caso contrário, vá para #support no Discord do tModLoader",

		// MessageBox
		"ContentFolderNotFound": "Pasta Content do Terraria não encontrada. Se você instalou o tModLoader através do Steam, certifique-se de que o Terraria está instalado. Caso contrário, certifique-se de instalar o tModLoader em uma pasta aninhada no diretório de instalação do Terraria ou em uma pasta próxima ao diretório de instalação do Terraria.",
		"MissingServerExecutable": "Parece que você não fez uma instalação completa. tModLoaderServer.exe não foi encontrado. Verifique sua pasta de instalação e leia as instruções de instalação.",
		"GraphicsEngineFailure": "Falha no Motor Gráfico",
		"GraphicsEngineReportUnknown": "Desonhecido",
		"GraphicsEngineReportFailure": "Falha",
		"GraphicsEngineFailureMessage": "O tML encontrou uma falha ao testar alguns recursos gráficos experimentais. Se o problema persistir de forma consistente, talvez seja necessário editar config.json e definir a configuração do Support4K como false. \nPor favor, reinicie o seu jogo.\nStatus do Relatório: {0}",
		"OutOfMemory": "O jogo ficou sem memória. Você terá que descobrir qual mod está consumindo muita memória e entrar em contato com os desenvolvedores ou removê-lo.",
		"ContentFolderNotFoundInstallCheck": "Não foi possível encontrar a pasta {0}.\r\n\r\nVocê esqueceu de extrair a pasta Content do tModLoader para a pasta tModLoader?\r\n\r\nCertifique-se de que o tModLoader está instalado em uma pasta separada do Terraria.",
		"VanillaSteamInstallationNotFound": "Instalação do Terraria na Steam ou pasta Content do Terraria não encontrada.\r\n\r\nPor favor, certifique-se de que o Terraria 1.4 está instalado através do Steam.",
		"SteamAPIHashMismatch": "Incompatibilidade de hash da API Steam, assumido como pirataria.\n\ntModLoader requer uma instalação legítima do Terraria para funcionar.",
		"VanillaGOGNotFound": "{0} não foi encontrado.\r\n\r\nAs instalações do GOG devem ter o executável Terraria não modificado para funcionar. Essa versão do tModLoader espera a versão {1} do Terraria, você pode precisar desatualizar ou atualizar o Terraria através do GOG Galaxy ou aguardar uma atualização do tModLoader.",
		"GOGHashMismatch": "{0} não é o executável Terraria não modificado.\r\n\r\nAs instalações do GOG devem ter o executável Terraria não modificado para funcionar.\r\n\r\nSe você editou o .exe, você pode criar uma cópia do exe original e nomeá-lo \"Terraria_v<VERSÃO>.exe\"",
		"DefaultExtraMessage": "Por favor, restaure a instalação do Terraria e, em seguida, instale tModLoader no Steam ou seguindo as instruções README.txt para instalação manual.",
		"ClientLogHint": "{0}\n\nUm arquivo client.log contendo informações de erro foi gerado em\n{1}\n(Você precisará compartilhar este arquivo se pedir ajuda)",
		"OutOfMemoryHint": "\n\nDica: Tente executar menos mods de uma vez ou determine se um mod está ocupando muita memória. Opcionalmente, instale o tModLoader 64 bits",
		"ModExceptionHint": "\n\nDica: Provavelmente é culpa de um mod. Desative os mods um por um e verifique se o problema persiste",
		"OneDriveHint": "\n\nDica: Tente instalar/ativar o OneDrive. Clique com o botão direito na pasta Documentos e ative \"Manter sempre neste dispositivo\"",
		"AntivirusHint": "\n\nDica: Se você tiver um antivírus, tente adicionar Terraria à sua lista de permissão/lista de exclusão",
		"TypeInitializationHint": "\n\nDica: Reinicie o jogo. Se o problema persistir, tente desinstalar o Terraria completamente, reinstalar por meio do Steam e, em seguida, reinstalar o tModLoader"
	},
	"CommonItemTooltip": {
		"PercentIncreasedDamage": "{0}% de aumento nos danos"
	}
}
