{
	"tModLoader": {
		// Main Menu
		"PatreonSupport": "Пожалуйста, проявите поддержку: ",
		"MenuModBrowser": "Браузер модов",
		"MenuMods": "Моды",
		"MenuModSources": "Исходники модов",
		"MenuEnableDeveloperMode": "Включить режим разработчика",
		"FirstLaunchWelcomeMessage": "Добро пожаловать в tModLoader.\n\nУстановка была произведена успешно. Используйте меню 'Браузер Модов' для того чтобы находить и устанавливать понравившиеся вам моды. Используйте меню 'Моды' для выбора активных модов. После переключения модов не забывайте кликнуть на 'Перезагрузить моды', чтобы изменения вступили в силу.",
		"tModLoaderSettings": "Настройки tModLoader",

		// Mods Menu
		"ModsModsList": "Список модов",
		"ModsEnableAll": "Включить все",
		"ModsDisableAll": "Отключить все",
		"ModsReloadMods": "Перезагрузить моды",
		"ModsOpenModsFolder": "Открыть папку модов",
		"ModsModPacks": "Сборки модов",
		"ModsDisable": "Выключить",
		"ModsEnable": "Включить",
		"ModsOpenConfig": "Кликните для настроек",
		"ModOldWarning": "Устаревший мод, включайте на свой страх и риск",
		"ModDependencyClickTooltip": "Этот мод зависит от: {0}\n (нажмите чтобы включить)",
		// "ModDependencyClickTooltipMore": "This mod depends on: {0}\n...and {1} more mods\n (click to enable)",
		"ModDependencyModsNotFound": "Следующие моды не были обнаружены: {0}",
		"ModDidNotFullyUnloadWarning": "Этот мод не выгрузился полностью во время последней перезагрузки.\n(Это сообщение для создателей этого мода)",
		"BetaModCantPublish": "Этот мод был собран на бета версии и не может быть опубликован",
		"BetaModCantPublishError": "Вы не можете опубликовать мод, который был собран на бета версии tModLoader",
		"OutdatedModCantPublishError": "Вы не можете опубликовать мод, который был собран на устаревшей версии tModLoader",
		"ModReloadRequired": "Требуется перезагрузка",
		"ModReloadForced": "Принудительная перезагрузка модов",
		"ModIsServerSide": "Этот мод только для серверов",
		"ModsByline": "От: {0}",
		"ModsMoreInfo": "Подробнее",
		"ModsOriginatedFromModBrowser": "Этот мод установлен из Браузера модов",
		"ModsTypeToSearch": "Поиск",
		"ModsSearchByModName": "Поиск по названию мода",
		"ModsSearchByAuthor": "Поиск по автору мода",
		"ModsSortRecently": "Упорядочить по последнему обновлению",
		"ModsSortNamesAlph": "Упорядочить по алфавиту",
		"ModsSortNamesReverseAlph": "Упорядочить обратно алфавиту",
		"ModsShowAllMods": "Показать все моды",
		"ModsShowEnabledMods": "Показать включённые моды",
		"ModsShowDisabledMods": "Показать отключённые моды",
		"ModsXItems": "{0} предметов",
		"ModsXNPCs": "{0} NPCs",
		"ModsXTiles": "{0} блоков",
		"ModsXWalls": "{0} стен",
		"ModsXBuffs": "{0} (де)баффов",
		"ModsXMounts": "{0} ездовых питомцев",
		// "ModsReloadAndReturn": "Reload and return to world menu",
		// "ModsNotFoundServer": "No mods were found in: \"{0}\"\nIf you are running a dedicated server, you may wish to use the 'modpath' command line switch or server config setting to specify a custom mods directory.\n",
		// "AskForModIndex": "Type a number to switch between enabled/disabled",
		// "AskForCommand": "Type a command: ",

		// Mod Errors
		"LoadError": "Произошла ошибка при загрузке мода {0}.",
		"LoadErrorDisabled": "Этот или эти моды был(и) автоматически отключены.",
		"LoadErrorCulpritUnknown": "Виновный мод неизвестен, и tModLoader должен быть перезапущен.",
		"LoadErrorVersionMessage": "Было обнаружено, что этот мод был собран для tModLoader версии v{0}\nОднако, вы используете версию v{1}.",
		"LoadErrorDotNet45Required": ".NET Framework 4.5 (или новее) требуется для использования модов. Пожалуйста, установите последнюю версию .NET Framework.",
		"LoadErrorDependencyMissing": "Отсутствует мод: мод {0} требуется для работы мода {1}.",
		"LoadErrorErrorReadingModFile": "Произошла ошибка во время чтения файла мода {0}.",
		"LoadErrorHashMismatchCorrupted": "Несоответствие хэшей, блоб данных был модифицирован или испорчен.",
		"LoadErrorDependencyVersionTooLow": "Мод {0} нуждается в моде {2} версии {1} или выше, но установлена версия {3}.",
		"LoadErrorMajorVersionMismatch": "Мод {0} был создан с модом {2} версии {1}, но у вас установлено крупное обновление ({3}), которое может быть несовместимо. Мод {0} должен быть обновлен.",
		"LoadWarningBannerOrBannerItemNotSet": "{0}: {1}. Вы объявили поле ModNPC.banner или ModNPC.bannerItem, но не оба. Убедитесь, что вы объявляете оба в своём коде, проверьте правописание, и то что предметы существуют когда вы используете mod.ItemType(). Сообщите об этой ошибке разработчикам мода {0}.",
		"UnloadError": "Одна или более ошибок произошли при выгрузке модов, и tModLoader должен быть перезапущен для того чтобы предотвратить другие проблемы.",
		"DefensiveUnload": "Мод {0} не смог полностью выгрузиться. Разработчики модов должны использовать безопасное программирование для того чтобы обеспечить полную выгрузку модов, даже в случае ошибок во время их загрузки.",
		"BuildError": "Произошла ошибка во время сборки мода {0}.",
		"CompileError": "Компиляция мода {0} провалилась с {1} ошибкой(-ами) и {2} предупреждением(-ами).",
		"BuildErrorModNameEmpty": "У модов не может быть пустое имя.",
		"BuildErrorModNamedTerraria": "Моды не могут иметь имя Terraria.",
		"BuildErrorModNameHasPeriod": "Внутреннее имя мода не может содержать точек.",
		"BuildErrorTwoModsSameName": "Два мода имеют общее внутренее имя {0}.",
		"BuildErrorModReference": "Не удалось прочесть ссылку на мод {0}.",
		"BuildErrorMissingNoCompile": "Отсутствуют dll файлы для параметра noCompile: {0} или {1}\n\nAll.dll не должен иметь ссылок на Microsoft.Xna.Framework или FNA\nXNA.dll должен ссылаться на нужный tModLoader.exe и фреймворк.",
		"BuildErrorModNameDoesntMatchAssemblyName": "Имя мода {0} не совпадает с именем сборки {1}.",
		"BuildErrorNamespaceFolderDontMatch": "Пространство имён и имя папки не совпадают. Пространство имён верхнего уровня должно совпадать с названием папки.",
		"BuildErrorNoModClass": "Удостоверьтесь что у вас есть только один класс, происходящий от класса Mod.",
		"BuildErrorLoadingPrecompiled": "Не удалось загрузки заранее скомпилированную библиотеку: {0}",
		"BuildErrorFailedLoadBuildTxt": "Не удалось загрузить {0}",
		"BuildWarningEACWindowsOnly": "Edit and Continue поддерживается только на Windows.",
		"LoadErrorTextureFailedToLoad": "Не удалось загрузить файл текстур {0}",
		"LoadErrorWavSoundFailedToLoad": "Не удалось загрузить Wav аудио файл {0}",
		"LoadErrorMP3SoundFailedToLoad": "Не удалось загрузить MP3 аудио файл {0}",
		"LoadErrorSoundFailedToLoadAudioDeviceHint": "(Удостоверьтесь в том, что к вашему компьютеру подключены колонки или наушники, и в том что нужные устройства включены в панели управления.)",
		"LoadErrorFontFailedToLoad": "Не удалось загрузить файл шрифтов {0}",
		"LoadErrorEffectFailedToLoad": "Не удалось загрузить шейдерный эффект {0}",
		"LoadErrorUnknownXNBFileHint": "Неизвестный xnb файл {0}. Возможно он должен находится в директории Fonts/ или Effects/",
		"LoadErrorCannotLoadCompressedEffects": "Загрузка сжатых шейдерных эффектов не поддерживается.",
		"LoadErrorAddItemOnlyInLoad": "AddItem может быть вызван только в Mod.Load или Mod.Autoload.",
		"LoadError2ModItemSameName": "Вы попытались добавить 2 предмета с одинаковым именем: {0}. Возможно что были автозагружены два класса с одинаковыми именами, но разными пространствами имён, иначе, вы вручную вызвали AddItem для одного и того же класса больше чем один раз.",
		"LoadErrorResourceNotFoundPathHint": "Ожидаемый ресурс не был найден:\n    {0}\nБлижайшее предположение: (Есть ли там опечатка или ошибка в расположении папок?)\n    {1}",
		"RuntimeErrorSilentlyCaughtException": "Бесшумно пойманное исключение: ",
		"RuntimeErrorSeeLogsForFullTrace": "(загляните в {0} для дополнительной информации)",
		"OpenLogs": "Открыть логи",
		"OpenWebHelp": "Открыть веб помощь",
		"SkipToMainMenu": "Пропустить загрузку модов",
		"Retry": "Попробовать снова",
		"Exit": "Выйти",
		"ExitAndDisableAll": "Выйти и выключить все моды",

		// Mod Info
		"ModInfoHeader": "Описание мода: ",
		"ModInfoVisitHomepage": "Посетите домашнюю страницу мода для более подробной информации",
		"ModInfoExtract": "Извлечь",
		"ModInfoNoDescriptionAvailable": "Нет описания",
		"ModInfoProblemTryAgain": "Произошла ошибка, попробуйте ещё раз",
		"ModInfoDisableModToDelete": "Выключите мод перед его удалением",

		// Mod Packs
		"ModPacksHeader": "Сборки модов",
		"ModPacksSaveEnabledAsNewPack": "Сохранить включенные моды в новую сборку",
		"ModPacksEnterModPackName": "Введите название сборки",
		"ModPackViewList": "Показать список",
		"ModPackEnableThisList": "Включить этот список",
		"ModPackEnableOnlyThisList": "Включить только этот список",
		"ModPackUpdateListWithEnabled": "Обновить список включенными модами",
		"ModPackViewModsInModBrowser": "Просмотреть моды в браузере модов",
		"ModPackModsAvailableStatus": "{0} Всего, {1} Включено, {2} Выключено, {3} Отсутствует",
		"ModPackModsMissing": "Следующие моды не были найдены:\n{0}",
		"ModPackModsContained": "Эта сборка содержит следующие моды:\n{0}",
		"ModPackMissing": " - Отсутствует",
		"ModPackDisabled": " - Выключен",
		"ModPackLoadingSpecifiedModPack": "Загрузка выбранной сборки модов: {0}",
		"ModPackDoesNotExist": "Сборка модов {0} не существует.",
		"ModPackMalformed": "Сборка модов {0} не могла быть прочтена, возможно что-то не так с её файлом.",

		// ModNet/Multiplayer
		"MPSyncingMods": "Синхронизация модов",
		"MPServerModsCantDownload": "Следующие моды установлены на сервере, но не могут быть скачаны",
		"MPServerModsCantDownloadReasonSigned": "потому что вы принимаете только моды, что были подписаны браузером модов",
		"MPServerModsCantDownloadReasonAutomaticDownloadDisabled": "потому что вы выключили автоматическое скачивание модов",
		"MPServerModsCantDownloadChangeSettingsHint": "Вам нужно будет изменить свои настройки, или получить эти моды от владельца этого сервера.",
		"MPShowServerConsoleYes": "Показывать консоль сервера: Да",
		"MPShowServerConsoleNo": "Показывать консоль сервера: Нет",
		"MPErrorModHashMismatch": "Несоответствие хэшей",
		"MPErrorModNotSigned": "Мод не был подписан браузером модов",
		"MPErrorModDownloadError": "Произошла ошибка во время скачивания мода {0}",
		"MPPacketTooLarge": "Сетевой пакет слишком большой - {0} > {1}",

		// Mod Browser
		"MBDownload": "Скачать",
		"MBDownloadAll": "Скачать всё",
		"MBDownloadingMod": "Скачивание: {0}",
		"MBInstallingMod": "Устанавливается мод: {0}",
		"MBDownloadFileProblem": "Ошибка скачивания {0}",
		"MBReleaseFileHandle": "Освобождается дескриптор файла {0}",
		"MBDownloadFinished": "Скачивание модов завершено, идёт возвращение к браузеру.",
		"MBUploadingMod": "Загрузка: {0}",
		"MBDowngrade": "Предыдущая версия",
		"MBUpdate": "Обновить",
		"MBRequiresTMLUpdate": "Требует TML {0}",
		"MBClickToUpdate": "Кликните, чтобы обновить",
		"MBDowngradeWithDependencies": "Понизить вместе с зависимостями",
		"MBUpdateWithDependencies": "Обновить вместе с зависимостями",
		"MBDownloadWithDependencies": "Скачать вместе с зависимостями",
		"MBUpdateAll": "Обновить все моды",
		"MBReloadBrowser": "Перезагрузить список модов",
		"MBGettingData": "Получение данных...",
		"MBPopulatingBrowser": "Заполнение браузера...",
		"MBSortByRecentlyUpdated": "Упорядочить по последнему обновлению",
		"MBSortByPopularity": "Упорядочить по популярности",
		"MBSortDownloadDesc": "Упорядочить по убыванию скачиваний",
		"MBSortDownloadAsc": "Упорядочить по возрастанию скачиваний",
		"MBShowAllMods": "Показать все моды",
		"MBShowNotInstalledUpdates": "Показать неустановленные или необновлённые моды",
		"MBShowUpdates": "Показать необновлённые моды",
		"MBShowInstalled": "Показать установленные моды",
		"MBShowMSAll": "Показать все моды",
		"MBShowMSBoth": "Показывать только моды для обеих сторон",
		"MBShowMSClient": "Показывать только клиентосторонние моды",
		"MBShowMSServer": "Показывать только серверосторонние моды",
		"MBShowMSNoSync": "Показывать только моды не требующие синхронизации",
		"MBClearSpecialFilter": "Очистить особый фильтр: {0}",
		"MBOfflineWithReason": "Оффлайн ({0})",
		"MBBusy": "Занят",
		"MBUnknown": "Неизвестно",
		"MBOfflineTroubleshooting": "Не удалось соединиться с браузером модов. Для этого может быть много причин.\n 1. Проверьте своё интернет-соединение.\n 2. Браузер модов может быть оффлайн. Если всё работало до этого - просто подождите несколько часов.\n 3. Сделайте двойной клик на этом сообщении чтобы открыть веб-сайт браузера модов. Вы можете использовать его для скачивания модов вручную. Если он работает, то вам стоит проверить настройки вашего брандмауэра чтобы разрешить Terraria.exe доступ в интернет. Ещё, если вы используете VPN, то вы можете попробовать отключить его.\n 4. Если же веб-сайт не работает, браузер модов может быть заблокирован вашим государством, интернет-провайдером, роутером или веб-фильтром. В таком случае, вам придётся разбираться во всём самим.",
		"MBClickToViewDependencyMods": "Нажмите чтобы увидеть требуемые моды:\n{0}",
		"MBModsNotFoundOnline": "Следующие моды не были найдены в браузере модов: {0}",
		"MBFilterDependencies": "Зависимости",
		"MBFilterModlist": "Список модов",
		"MBExceededBandwidth": "Сервер браузера модов превысил свой дневной выделенный трафик. Проверьте домашнюю страницу этого мода на наличие альтернативной загрузки, или попробуйте опять позже.",
		"MBUnknownMBError": "Произошла неизвестная ошибка браузера модов. Попробуйте опять позже.",
		"MBNoModsFound": "Не найден ни один мод",
		"MBBrowserError": "В браузере модов произошла ошибка.",
		"1SecondAgo": "1 секунду назад",
		"XSecondsAgo": "{0} секунд(ы) ago",
		"1MinuteAgo": "1 минуту назад",
		"XMinutesAgo": "{0} минут(ы) назад",
		"1HourAgo": "1 час назад",
		"XHoursAgo": "{0} часа(-ов) назад",
		"1DayAgo": "1 день назад",
		"XDaysAgo": "{0} дня(-ей) назад",
		"1MonthAgo": "1 месяц назад",
		"XMonthsAgo": "{0} месяца(-ев) назад",
		"1YearAgo": "1 год назад",
		"XYearsAgo": "{0} года/лет назад",
		// "MBServerReturnToMenu": "Return to world menu",
		// "MBServerAskForModName": "Type an exact ModName to download: ",
		// "MBServerDownloadError": "Error: Could not download {0} -- {1}",

		// Mod Publishing
		"MBPublishEnterPassphrase": "Пожалуйста, введите свой код доступа",
		"MBPublishVisitWebsiteForPassphrase": "Посетите сайт чтобы сгенерировать код доступа",
		"MBPublishPastePassphrase": "Вставить код доступа (ctrl-v)",
		"MBMyPublishedMods": "Мои опубликованные моды",
		"MBUnpublish": "Отменить публикацию",
		"MBMyPublishedModsStats": "{0} скачиваний ({1} на последней версии)",
		"EnterSteamID": "Пожалуйста, введите свой SteamID",
		"PasteSteamID": "Вставить SteamID (ctrl-v)",
		"MBServerResponse": "Ответ сервера браузера модов:\n\n{0}",

		// TML Options
		"DownloadFromServersYes": "Скачивать моды с серверов: Да",
		"DownloadFromServersNo": "Скачивать моды с серверов: Нет",
		"DownloadSignedYes": "Скачивать только проверенные моды с серверов: Да",
		"DownloadSignedNo": "Скачивать только проверенные моды с серверов: Нет",
		"MusicStreamModeConvert": "Режим музыки: Конвертировать по необходимости",
		"MusicStreamModeStream": "Режим музыки: Проигрывать из кэша",
		"AlwaysLogExceptionsYes": "Всегда отображать исключения: Да",
		"AlwaysLogExceptionsNo": "Всегда отображать исключения: Нет",
		"ExperimentalFeaturesYes": "Экспериментальные функции: Да",
		"ExperimentalFeaturesNo": "Экспериментальные функции: Нет",
		"RemoveForcedMinimumZoomYes": "Убрать принудительное минимальное приближение: Да",
		"RemoveForcedMinimumZoomNo": "Убрать принудительное минимальное приближение: Нет",
		"AllowGreaterResolutionsYes": "Разрешить большие разрешения: Да",
		"AllowGreaterResolutionsNo": "Разрешить большие разрешения: Нет",
		"ShowMemoryEstimatesYes": "Показывать приблизительное использование памяти: Да",
		"ShowMemoryEstimatesNo": "Показывать приблизительное использование памяти: Нет",
		"ClearMBCredentials": "Очистить данные браузера модов",
		"AutomaticallyEnableNewlyDownloadedModsYes": "Автоматически включать недавно скачанные моды: Да",
		"AutomaticallyEnableNewlyDownloadedModsNo": "Автоматически включать недавно скачанные моды: Нет",
		"AutomaticallyReloadAndEnableModsLeavingModBrowserYes": "Автоматически включать и перезагружать моды при выходе из браузера модов: Да",
		"AutomaticallyReloadAndEnableModsLeavingModBrowserNo": "Автоматически включать и перезагружать моды при выходе из браузера модов: Нет",
		"ReloadModsReminder": "Вы обновили мод. Не забудьте перезагрузить моды, чтобы изменения вступили в силу.",
		"EnableModsReminder": "Ваши недавно скачанные моды в данный момент выключены. Не забудьте включить их и выполнить перезагрузку, если вы планируете использовать их.",
		"DontShowAgain": "Не показывать это снова",
		"ModControls": "Управление модов",

		// Player and World Select
		"MigratePlayersMessage": "У вас нет персонажей.\nЕсли вы хотите перенести персонажей из оригинальной игры в tModLoader,\nвы можете скопировать их из\n/Terraria/Players\nв\n/Terraria/ModLoader/Players.\nКопируйте файлы с расширением .plr и папки с похожими именами.\nКликните здесь, чтобы открыть обе эти папки.\nПосле того, как вы скопируете нужных вам персонажей, нажмите назад.",
		"MigratePlayersText": "Кликните здесь, чтобы перенести персонажей...",
		"MigratePlayersException": "Произошла ошибка во время переноса файлов персонажей",
		"MigrateWorldsMessage": "У вас нет миров.\nЕсли вы хотите перенести миры из оригинальной игры в tModLoader,\nвы можете сделать это автоматически, нажав кнопку внизу.\nТакже, скопировать их из\n /Terraria/Worlds\nв\n/Terraria/ModLoader/Worlds вручную.\nКопируйте файлы с расширением .wld.\nКликните здесь, чтобы открыть обе эти папки.\nПосле того, как вы скопировали нужные вам миры, нажмите назад.",
		"MigrateWorldsText": "Кликните здесь, чтобы перенести миры...",
		"MigratingWorldsText": "Происходит перенос миров...",
		"ModsDifferentSinceLastPlay": "Следующие моды были изменены с последнего момента, как вы играли: ",
		"Missing1Mod": "Отсутствует 1 мод.",
		"MissingXMods": "Отсутствуют {0} мода(-ов).",
		"MissingModsListing": "Отсутствуют моды:\n{0}",
		"New1Mod": "1 новый мод.",
		"NewXMods": "{0} новых мода(-ов).",
		"NewModsListing": "Новые моды:\n{0}",
		"PlayerCustomDataFail": "Произошла ошибка во время загрузки данных модов персонажа",
		"PlayerLoadWorldFail": "Произошла ошибка во время загрузки мира",
		// "CloudWarning": "Cloud storage limit reached, unable to move to cloud",

		// Mod Sources
		"MSBuild": "Скомпилировать",
		"MSBuildReload": "Скомпилировать и перезагрузить",
		"MSBuildAll": "Скомпилировать всё",
		"MSBuildReloadAll": "Скомпилировать и перезагрузить всё",
		"MSUpgradeCSProj": "Обновить .csproj файл",
		"MSOpenSources": "Открыть исходники",
		"MSManagePublished": "Опубликованное",
		"MSPublish": "Опубликовать",
		"MSModSourcesCantHaveSpaces": "(Папки исходников модов не могут содержать пробелы)",
		"MSCreateMod": "Создать мод",

		// Developer Mode UI
		"DMModCompileMissing": "Дополнительные библиотеки требуются для сборки модов. (Папка ModCompile отсутствует)",
		"DMModCompileUpdate": "Несоответствие версии папки ModCompile. Террария: {0}, ModCompile: {1}",
		"DMModCompileDev": "Используйте утилиту настройки разработки tModLoader чтобы сгенерировать/обновить папку ModCompile (через SetupDebugging).\nИначе, перекомпилируйте {0}",
		"DMModCompileSatisfied": "Версия ModCompile совпадает.",
		"DMDotNetSatisfied": "{0} установлен",
		"DMDotNetUpdateRequired": ".NET Framework {0} или новее требуется для сборки модов. Пожалуйста, установите последнюю версию .NET Framework.",
		"DMMonoUpdateRequired": "Mono {0} или новее требуется для сборки модов. Пожалуйста, установите последнюю версию Mono.",
		"DMMonoRuntimeRequired": "Террария должна быть запущена с Mono {0} или новее, чтобы собирать моды. Пожалуйста, обновите свои скрипты запуска игры.",
		"DMReferenceAssembliesMissing": ".NET 4.5 Reference Assemblies не найдены. Пожалуйста, установите Visual Studio с .NET 4.5 Targeting pack.",
		"DMReferenceAssembliesMissingMono": ".NET 4.5 Reference Assemblies не найдены. Пожалуйста, удостоверьтесь что ваша установка Mono содержит {0}",
		"DMReferenceAssembliesSatisfied": "Всё готово к компиляции с ссылкой на .NET 4.5",
		"DMReferenceAssembliesDownload": "Кликните здесь, чтобы скачать только пакет разработки (не рекомендовано)",
		"DMVisualStudio": "Visual Studio",
		"DMTutorialWelcome": "Добро пожаловать в разработку модов tModLoader. Проверьте Вики для дополнительной информации и обучений.",
		"DMTutorial": "Обучение",
		"DMUpdateScripts": "Обновить скрипты запуска игры",
		"DMScriptsRequireRestart": "Скрипты запуска игры были обновлены, и tModLoader должен быть перезапущен.",
		"DMUpdateMonoToDownloadModCompile": "Дополнительные библиотеки могут быть скачаны с GitHub, если используете последнюю версию Mono.",

		// Extract Mod
		"ExtractErrorWhileExtractingMod": "Произошла ошибка во время извлечения мода {0}",
		"ExtractHideCodeMessage": "Создатель мода решил скрыть код от tModReader.",
		"ExtractNoSourceCodeMessage": "Создатель мода решил не предоставлять исходный код мода вместе с ним.",
		"ExtractHideResourcesMessage": "Создатель мода решил скрыть ресурсы (т.е. изображения) от tModReader.",
		"ExtractFileListing": "Файлы:",

		// Mod Commands
		"CommandModListDescription": "Отображает список включенных модов.",
		"CommandModListServerMods": "Серверные моды:",
		"CommandModListSyncedMods": "Синхронизируемые моды:",
		"CommandModListClientMods": "Клиентские моды:",
		"CommandModListModlist": "Список модов:",

		// Mod Building
		"Building": "Сборка: {0}",
		"ReadingProperties": "Чтение свойств: {0}",
		"Compiling": "Компиляция {0}",
		"CompilationResult": "Компиляция завершена с {0} ошибками(-ой) и {1} предупреждениями(-ем)",
		"LoadingPrecompiled": "Загрузка заранее скомпилированного {0} из {1}",
		"EnabledEAC": "Путь для Edit and Continue: {0}",
		"Packaging": "Упаковка: {0}",
		// There should be ModName after ':'
		"MSFinding": "Поиск модов...",
		"MSInstantiating": "Инстанция модов...",
		"MSSandboxing": "Загрузка сборки: {0}",
		"MSIntializing": "Инициализация мода: {0}",
		"MSLoading": "Загрузка мода: {0}",
		"MSUnloading": "Выгрузка мода: {0}",
		"MSFinishingResourceLoading": "Завершение загрузки ресурсов",
		"MSSettingUp": "Настройка...",
		"MSAddingRecipes": "Загрузка рецептов модов...",
		"AddingModContent": "Загрузка контента модов...",

		// Mod Loader Mod
		"StartBagTooltip": "Некоторые стартовые предметы не поместились в ваш инвентарь",
		"StartBagItemName": "Стартовая сумка",
		"UnloadedItemItemName": "Незагруженный предмет",
		"UnloadedItemModTooltip": "Мод: {0}",
		"UnloadedItemItemNameTooltip": "Предмет: {0}",
		"AprilFoolsJoke": "Первоапрельская шутка",
		"DefaultTownNPCName": "Безымянный",
		"DefaultTownNPCChat": "Мой моддер совсем забыл дать мне сообщение.",
		"DefaultNurseCantHealChat": "Я не знаю почему я не могу тебя полечить, моддер ответственный за это забыл дать мне сообщение, объясняющее это.",

		// Extra mouse buttons
		"MouseMiddle": "Средняя кнопка мыши",
		"MouseXButton1": "Кнопка мыши 4",
		"MouseXButton2": "Кнопка мыши 5",

		// Misc
		"OK": "ОК",
		"Continue": "Продолжить",
		"PatreonSetTooltip": "Спасибо за вашу поддержку!",
		"WorldGenError": "Произошла ошибка во время создания мира",
		"WorldIODataException": "Произошла ошибка во время загрузки мод-данных этого мира.",
		"ServerCrash": "Сбой сервера: {0}\n{1}\n\nПожалуйста, проверьте server.log чтобы понять если в этом виноват какой-либо мод. Иначе, идите в текстовый канал #support в Discord сервере tModLoader, и не забудьте отправить этот самый файл."

		// MessageBox
		// "ContentFolderNotFound": "Terraria Content folder not found. If you installed tModLoader through Steam, make sure that Terraria is installed. If not, make sure to install tModLoader in a folder nested within the Terraria install directory or a folder next to the Terraria install directory.",
		// "MissingServerExecutable": "Looks like you didn't do a complete install. You are missing tModLoaderServer.exe. Check your install directory and read the install directions.",
		// "GraphicsEngineFailure": "Graphics Engine Failure",
		// "GraphicsEngineReportUnknown": "Unknown",
		// "GraphicsEngineReportFailure": "Failure",
		// "GraphicsEngineFailureMessage": "tML encountered a crash when testing some experimental graphics features. If this issue persists consistently, you may have to edit config.json and set the Support4K setting to false. \nPlease restart your game.\nReport Status: {0}",
		// "OutOfMemory": "Game ran out of memory. You'll have to find which mod is consuming lots of memory, and contact the devs or remove it.",
		// "ContentFolderNotFoundInstallCheck": "{0} directory could not be found.\r\n\r\nDid you forget to extract tModLoader's Content directory into the tModLoader folder?\r\n\r\nEnsure tModLoader is installed in a separate folder from Terraria.",
		// "VanillaSteamInstallationNotFound": "Terraria Steam installation or Terraria Content directory not found.\r\n\r\nPlease ensure Terraria 1.4 is installed through Steam.",
		// "SteamAPIHashMismatch": "Steam API hash mismatch, assumed pirated.\n\ntModLoader requires a legitimate Terraria install to work.",
		// "VanillaGOGNotFound": "{0} could not be found.\r\n\r\nGOG installs must have the unmodified Terraria executable to function. This version of tModLoader expects the {1} version of Terraria, you may need to downgrade or upgrade Terraria via GOG Galaxy, or wait for tModLoader to update.",
		// "GOGHashMismatch": "{0} is not the unmodified Terraria executable.\r\n\r\nGOG installs must have the unmodified Terraria executable to function.\r\n\r\nIf you patched the .exe, you can create a copy of the original exe and name it \"Terraria_v<VERSION>.exe\"",
		// "DefaultExtraMessage": "Please restore your Terraria install, then install tModLoader on Steam or by following the README.txt instructions for manual installation.",
		// "ClientLogHint": "{0}\n\nA client.log file containing error information has been generated in\n{1}\n(You will need to share this file if asking for help)",
		// "OutOfMemoryHint": "\n\nTip: Try running less mods at once, or determine if a mod is taking up too much memory. Optionally, install 64-bit tModLoader",
		// "ModExceptionHint": "\n\nTip: This is likely a mod's fault. Disable mods one by one and check if the issue persists",
		// "OneDriveHint": "\n\nTip: Try installing/enabling OneDrive. Right click your Documents folder and enable \"Always save on this device\"",
		// "AntivirusHint": "\n\nTip: If you have an antivirus, try adding Terraria to its whitelist/exclusion list",
		// "TypeInitializationHint": "\n\nTip: Restart the game. If this issue persists, try uninstalling Terraria completely, then reinstalling through Steam, and then reinstalling tModLoader"
	},
	"CommonItemTooltip": {
		"PercentIncreasedDamage": "{0}% увеличение урона"
	}
}
